paese,serie,anno,v
EU27,partite_correnti_pil,1999,0.192
EU27,partite_correnti_pil,2000,-0.421
EU27,partite_correnti_pil,2001,-0.372
EU27,partite_correnti_pil,2002,0.123
EU27,partite_correnti_pil,2003,0.09
EU27,partite_correnti_pil,2004,0.527
EU27,partite_correnti_pil,2005,0.033
EU27,partite_correnti_pil,2006,-0.272
EU27,partite_correnti_pil,2007,-0.209
EU27,partite_correnti_pil,2008,-1.405
EU27,partite_correnti_pil,2009,0.308
EU27,partite_correnti_pil,2010,0.585
EU27,partite_correnti_pil,2011,0.636
EU27,partite_correnti_pil,2012,1.672
EU27,partite_correnti_pil,2013,2.487
EU27,partite_correnti_pil,2014,2.459
EU27,partite_correnti_pil,2015,2.823
EU27,partite_correnti_pil,2016,3.184
EU27,partite_correnti_pil,2017,3.115
EU27,partite_correnti_pil,2018,2.796
EU27,partite_correnti_pil,2019,2.433
EU27,partite_correnti_pil,2020,2.264
EU27,partite_correnti_pil,2021,2.79
EU27,partite_correnti_pil,2022,0.04
EU27,partite_correnti_pil,2023,2.014
EU27,partite_correnti_pil,2024,2.64
EU27,partite_correnti_pil,2025,1.942
EA19,partite_correnti_pil,1999,-0.507
EA19,partite_correnti_pil,2000,-1.449
EA19,partite_correnti_pil,2001,-0.358
EA19,partite_correnti_pil,2002,0.603
EA19,partite_correnti_pil,2003,0.244
EA19,partite_correnti_pil,2004,0.704
EA19,partite_correnti_pil,2005,0.106
EA19,partite_correnti_pil,2006,-0.164
EA19,partite_correnti_pil,2007,0.04
EA19,partite_correnti_pil,2008,-1.828
EA19,partite_correnti_pil,2009,-0.301
EA19,partite_correnti_pil,2010,-0.32
EA19,partite_correnti_pil,2011,-0.349
EA19,partite_correnti_pil,2012,0.976
EA19,partite_correnti_pil,2013,2.077
EA19,partite_correnti_pil,2014,2.326
EA19,partite_correnti_pil,2015,2.703
EA19,partite_correnti_pil,2016,3.018
EA19,partite_correnti_pil,2017,3.118
EA19,partite_correnti_pil,2018,2.792
EA19,partite_correnti_pil,2019,2.268
EA19,partite_correnti_pil,2020,1.632
EA19,partite_correnti_pil,2021,2.298
BEL,partite_correnti_pil,2003,3.547
BEL,partite_correnti_pil,2004,3.29
BEL,partite_correnti_pil,2005,2.093
BEL,partite_correnti_pil,2006,1.929
BEL,partite_correnti_pil,2007,1.956
BEL,partite_correnti_pil,2008,-1.005
BEL,partite_correnti_pil,2009,1.651
BEL,partite_correnti_pil,2010,1.623
BEL,partite_correnti_pil,2011,-1.926
BEL,partite_correnti_pil,2012,-0.08
BEL,partite_correnti_pil,2013,0.95
BEL,partite_correnti_pil,2014,0.768
BEL,partite_correnti_pil,2015,1.387
BEL,partite_correnti_pil,2016,0.554
BEL,partite_correnti_pil,2017,0.701
BEL,partite_correnti_pil,2018,-0.915
BEL,partite_correnti_pil,2019,0.139
BEL,partite_correnti_pil,2020,0.915
BEL,partite_correnti_pil,2021,1.837
BEL,partite_correnti_pil,2022,-1.944
BEL,partite_correnti_pil,2023,0.194
BEL,partite_correnti_pil,2024,-0.378
BEL,partite_correnti_pil,2025,-1.912
BEL,partite_correnti_pil,2026,-2.282
BEL,partite_correnti_pil,2027,-2.232
DEU,partite_correnti_pil,1991,-1.521
DEU,partite_correnti_pil,1992,-1.256
DEU,partite_correnti_pil,1993,-1.042
DEU,partite_correnti_pil,1994,-1.562
DEU,partite_correnti_pil,1995,-1.322
DEU,partite_correnti_pil,1996,-0.777
DEU,partite_correnti_pil,1997,-0.629
DEU,partite_correnti_pil,1998,-0.767
DEU,partite_correnti_pil,1999,-1.42
DEU,partite_correnti_pil,2000,-1.785
DEU,partite_correnti_pil,2001,-0.45
DEU,partite_correnti_pil,2002,1.692
DEU,partite_correnti_pil,2003,1.233
DEU,partite_correnti_pil,2004,4.255
DEU,partite_correnti_pil,2005,4.398
DEU,partite_correnti_pil,2006,5.506
DEU,partite_correnti_pil,2007,6.492
DEU,partite_correnti_pil,2008,5.409
DEU,partite_correnti_pil,2009,5.604
DEU,partite_correnti_pil,2010,5.563
DEU,partite_correnti_pil,2011,6.117
DEU,partite_correnti_pil,2012,7.016
DEU,partite_correnti_pil,2013,6.543
DEU,partite_correnti_pil,2014,7.235
DEU,partite_correnti_pil,2015,8.101
DEU,partite_correnti_pil,2016,8.909
DEU,partite_correnti_pil,2017,8.062
DEU,partite_correnti_pil,2018,8.421
DEU,partite_correnti_pil,2019,7.873
DEU,partite_correnti_pil,2020,6.318
DEU,partite_correnti_pil,2021,6.909
DEU,partite_correnti_pil,2022,4.074
DEU,partite_correnti_pil,2023,5.509
DEU,partite_correnti_pil,2024,5.893
DEU,partite_correnti_pil,2025,4.536
DEU,partite_correnti_pil,2026,3.875
DEU,partite_correnti_pil,2027,3.421
GRC,partite_correnti_pil,2002,-7.028
GRC,partite_correnti_pil,2003,-8.684
GRC,partite_correnti_pil,2004,-7.907
GRC,partite_correnti_pil,2005,-9.073
GRC,partite_correnti_pil,2006,-11.678
GRC,partite_correnti_pil,2007,-15.414
GRC,partite_correnti_pil,2008,-15.318
GRC,partite_correnti_pil,2009,-12.514
GRC,partite_correnti_pil,2010,-10.129
GRC,partite_correnti_pil,2011,-8.763
GRC,partite_correnti_pil,2012,-3.586
GRC,partite_correnti_pil,2013,-1.453
GRC,partite_correnti_pil,2014,-0.749
GRC,partite_correnti_pil,2015,-0.82
GRC,partite_correnti_pil,2016,-1.748
GRC,partite_correnti_pil,2017,-1.921
GRC,partite_correnti_pil,2018,-2.896
GRC,partite_correnti_pil,2019,-1.472
GRC,partite_correnti_pil,2020,-7.18
GRC,partite_correnti_pil,2021,-7.18
GRC,partite_correnti_pil,2022,-10.747
GRC,partite_correnti_pil,2023,-6.801
GRC,partite_correnti_pil,2024,-7.157
GRC,partite_correnti_pil,2025,-5.669
GRC,partite_correnti_pil,2026,-6.798
GRC,partite_correnti_pil,2027,-5.84
ESP,partite_correnti_pil,1993,-2.16
ESP,partite_correnti_pil,1994,-2.261
ESP,partite_correnti_pil,1995,-1.193
ESP,partite_correnti_pil,1996,-0.796
ESP,partite_correnti_pil,1997,-0.667
ESP,partite_correnti_pil,1998,-1.623
ESP,partite_correnti_pil,1999,-3.202
ESP,partite_correnti_pil,2000,-4.236
ESP,partite_correnti_pil,2001,-4.316
ESP,partite_correnti_pil,2002,-3.661
ESP,partite_correnti_pil,2003,-3.822
ESP,partite_correnti_pil,2004,-5.418
ESP,partite_correnti_pil,2005,-7.195
ESP,partite_correnti_pil,2006,-8.796
ESP,partite_correnti_pil,2007,-9.351
ESP,partite_correnti_pil,2008,-8.791
ESP,partite_correnti_pil,2009,-3.977
ESP,partite_correnti_pil,2010,-3.558
ESP,partite_correnti_pil,2011,-2.613
ESP,partite_correnti_pil,2012,0.156
ESP,partite_correnti_pil,2013,2.081
ESP,partite_correnti_pil,2014,1.78
ESP,partite_correnti_pil,2015,2.046
ESP,partite_correnti_pil,2016,3.146
ESP,partite_correnti_pil,2017,2.794
ESP,partite_correnti_pil,2018,1.877
ESP,partite_correnti_pil,2019,2.129
ESP,partite_correnti_pil,2020,0.789
ESP,partite_correnti_pil,2021,0.773
ESP,partite_correnti_pil,2022,0.419
ESP,partite_correnti_pil,2023,2.732
ESP,partite_correnti_pil,2024,3.179
ESP,partite_correnti_pil,2025,2.928
ESP,partite_correnti_pil,2026,2.007
ESP,partite_correnti_pil,2027,1.874
FRA,partite_correnti_pil,1999,3.417
FRA,partite_correnti_pil,2000,1.103
FRA,partite_correnti_pil,2001,1.583
FRA,partite_correnti_pil,2002,1.155
FRA,partite_correnti_pil,2003,0.84
FRA,partite_correnti_pil,2004,0.535
FRA,partite_correnti_pil,2005,0.104
FRA,partite_correnti_pil,2006,0.254
FRA,partite_correnti_pil,2007,-0.102
FRA,partite_correnti_pil,2008,-0.697
FRA,partite_correnti_pil,2009,-0.55
FRA,partite_correnti_pil,2010,-0.629
FRA,partite_correnti_pil,2011,-0.858
FRA,partite_correnti_pil,2012,-0.965
FRA,partite_correnti_pil,2013,-0.609
FRA,partite_correnti_pil,2014,-0.913
FRA,partite_correnti_pil,2015,-0.325
FRA,partite_correnti_pil,2016,-0.528
FRA,partite_correnti_pil,2017,-0.547
FRA,partite_correnti_pil,2018,-0.698
FRA,partite_correnti_pil,2019,0.597
FRA,partite_correnti_pil,2020,-2.053
FRA,partite_correnti_pil,2021,0.277
FRA,partite_correnti_pil,2022,-1.419
FRA,partite_correnti_pil,2023,-1.04
FRA,partite_correnti_pil,2024,0.091
FRA,partite_correnti_pil,2025,-0.314
FRA,partite_correnti_pil,2026,-0.54
FRA,partite_correnti_pil,2027,-0.323
ITA,partite_correnti_pil,1995,1.923
ITA,partite_correnti_pil,1996,2.806
ITA,partite_correnti_pil,1997,2.596
ITA,partite_correnti_pil,1998,1.651
ITA,partite_correnti_pil,1999,0.8
ITA,partite_correnti_pil,2000,-0.272
ITA,partite_correnti_pil,2001,0.154
ITA,partite_correnti_pil,2002,-0.496
ITA,partite_correnti_pil,2003,-0.785
ITA,partite_correnti_pil,2004,-0.48
ITA,partite_correnti_pil,2005,-0.88
ITA,partite_correnti_pil,2006,-1.469
ITA,partite_correnti_pil,2007,-1.362
ITA,partite_correnti_pil,2008,-2.723
ITA,partite_correnti_pil,2009,-1.822
ITA,partite_correnti_pil,2010,-3.223
ITA,partite_correnti_pil,2011,-2.742
ITA,partite_correnti_pil,2012,-0.201
ITA,partite_correnti_pil,2013,1.03
ITA,partite_correnti_pil,2014,1.755
ITA,partite_correnti_pil,2015,1.243
ITA,partite_correnti_pil,2016,2.461
ITA,partite_correnti_pil,2017,2.439
ITA,partite_correnti_pil,2018,2.501
ITA,partite_correnti_pil,2019,3.157
ITA,partite_correnti_pil,2020,3.761
ITA,partite_correnti_pil,2021,2.007
ITA,partite_correnti_pil,2022,-1.829
ITA,partite_correnti_pil,2023,0.248
ITA,partite_correnti_pil,2024,1.095
ITA,partite_correnti_pil,2025,1.109
ITA,partite_correnti_pil,2026,0.407
ITA,partite_correnti_pil,2027,0.557
NLD,partite_correnti_pil,2004,7.568
NLD,partite_correnti_pil,2005,7.031
NLD,partite_correnti_pil,2006,9.05
NLD,partite_correnti_pil,2007,6.859
NLD,partite_correnti_pil,2008,4.68
NLD,partite_correnti_pil,2009,3.287
NLD,partite_correnti_pil,2010,6.415
NLD,partite_correnti_pil,2011,7.052
NLD,partite_correnti_pil,2012,7.486
NLD,partite_correnti_pil,2013,8.01
NLD,partite_correnti_pil,2014,8.559
NLD,partite_correnti_pil,2015,4.808
NLD,partite_correnti_pil,2016,7.183
NLD,partite_correnti_pil,2017,8.052
NLD,partite_correnti_pil,2018,8.848
NLD,partite_correnti_pil,2019,6.797
NLD,partite_correnti_pil,2020,5.692
NLD,partite_correnti_pil,2021,10.247
NLD,partite_correnti_pil,2022,6.778
NLD,partite_correnti_pil,2023,9.423
NLD,partite_correnti_pil,2024,9.154
NLD,partite_correnti_pil,2025,7.853
NLD,partite_correnti_pil,2026,7.869
NLD,partite_correnti_pil,2027,7.58
PRT,partite_correnti_pil,1996,-4.518
PRT,partite_correnti_pil,1997,-6.178
PRT,partite_correnti_pil,1998,-7.553
PRT,partite_correnti_pil,1999,-8.868
PRT,partite_correnti_pil,2000,-10.796
PRT,partite_correnti_pil,2001,-10.45
PRT,partite_correnti_pil,2002,-8.383
PRT,partite_correnti_pil,2003,-6.634
PRT,partite_correnti_pil,2004,-7.957
PRT,partite_correnti_pil,2005,-9.585
PRT,partite_correnti_pil,2006,-10.26
PRT,partite_correnti_pil,2007,-9.619
PRT,partite_correnti_pil,2008,-11.838
PRT,partite_correnti_pil,2009,-10.356
PRT,partite_correnti_pil,2010,-10.257
PRT,partite_correnti_pil,2011,-6.103
PRT,partite_correnti_pil,2012,-1.489
PRT,partite_correnti_pil,2013,1.534
PRT,partite_correnti_pil,2014,0.343
PRT,partite_correnti_pil,2015,0.504
PRT,partite_correnti_pil,2016,1.421
PRT,partite_correnti_pil,2017,1.484
PRT,partite_correnti_pil,2018,0.752
PRT,partite_correnti_pil,2019,0.78
PRT,partite_correnti_pil,2020,-0.689
PRT,partite_correnti_pil,2021,-0.663
PRT,partite_correnti_pil,2022,-2.024
PRT,partite_correnti_pil,2023,0.573
PRT,partite_correnti_pil,2024,2.242
PRT,partite_correnti_pil,2025,1.238
PRT,partite_correnti_pil,2026,0.271
PRT,partite_correnti_pil,2027,0.438
EU27,investimenti_pubblici_pil,1995,3.421
EU27,investimenti_pubblici_pil,1996,3.373
EU27,investimenti_pubblici_pil,1997,3.218
EU27,investimenti_pubblici_pil,1998,3.209
EU27,investimenti_pubblici_pil,1999,3.356
EU27,investimenti_pubblici_pil,2000,3.313
EU27,investimenti_pubblici_pil,2001,3.347
EU27,investimenti_pubblici_pil,2002,3.327
EU27,investimenti_pubblici_pil,2003,3.478
EU27,investimenti_pubblici_pil,2004,3.374
EU27,investimenti_pubblici_pil,2005,3.393
EU27,investimenti_pubblici_pil,2006,3.507
EU27,investimenti_pubblici_pil,2007,3.553
EU27,investimenti_pubblici_pil,2008,3.674
EU27,investimenti_pubblici_pil,2009,3.963
EU27,investimenti_pubblici_pil,2010,3.786
EU27,investimenti_pubblici_pil,2011,3.512
EU27,investimenti_pubblici_pil,2012,3.34
EU27,investimenti_pubblici_pil,2013,3.231
EU27,investimenti_pubblici_pil,2014,3.141
EU27,investimenti_pubblici_pil,2015,3.169
EU27,investimenti_pubblici_pil,2016,2.93
EU27,investimenti_pubblici_pil,2017,2.944
EU27,investimenti_pubblici_pil,2018,3.078
EU27,investimenti_pubblici_pil,2019,3.171
EU27,investimenti_pubblici_pil,2020,3.456
EU27,investimenti_pubblici_pil,2021,3.36
EU27,investimenti_pubblici_pil,2022,3.299
EU27,investimenti_pubblici_pil,2023,3.558
EU27,investimenti_pubblici_pil,2024,3.665
EU27,investimenti_pubblici_pil,2025,3.862
EU27,investimenti_pubblici_pil,2026,4.038
EU27,investimenti_pubblici_pil,2027,4.045
EU15,investimenti_pubblici_pil,1995,3.233
EU15,investimenti_pubblici_pil,1996,3.123
EU15,investimenti_pubblici_pil,1997,2.945
EU15,investimenti_pubblici_pil,1998,2.946
EU15,investimenti_pubblici_pil,1999,3.065
EU15,investimenti_pubblici_pil,2000,2.989
EU15,investimenti_pubblici_pil,2001,3.086
EU15,investimenti_pubblici_pil,2002,3.082
EU15,investimenti_pubblici_pil,2003,3.211
EU15,investimenti_pubblici_pil,2004,3.205
EU15,investimenti_pubblici_pil,2005,3.014
EU15,investimenti_pubblici_pil,2006,3.256
EU15,investimenti_pubblici_pil,2007,3.272
EU15,investimenti_pubblici_pil,2008,3.456
EU15,investimenti_pubblici_pil,2009,3.779
EU15,investimenti_pubblici_pil,2010,3.585
EU15,investimenti_pubblici_pil,2011,3.291
EU15,investimenti_pubblici_pil,2012,3.134
EU15,investimenti_pubblici_pil,2013,3.022
EU15,investimenti_pubblici_pil,2014,2.938
EU15,investimenti_pubblici_pil,2015,2.914
EU15,investimenti_pubblici_pil,2016,2.832
EU15,investimenti_pubblici_pil,2017,2.861
EU15,investimenti_pubblici_pil,2018,2.908
EU15,investimenti_pubblici_pil,2019,2.996
EU15,investimenti_pubblici_pil,2020,3.278
EU15,investimenti_pubblici_pil,2021,3.216
EU15,investimenti_pubblici_pil,2022,3.173
EU15,investimenti_pubblici_pil,2023,3.329
EU15,investimenti_pubblici_pil,2024,3.454
EU15,investimenti_pubblici_pil,2025,3.605
EU15,investimenti_pubblici_pil,2026,3.779
EU15,investimenti_pubblici_pil,2027,3.808
EA19,investimenti_pubblici_pil,1995,3.385
EA19,investimenti_pubblici_pil,1996,3.323
EA19,investimenti_pubblici_pil,1997,3.17
EA19,investimenti_pubblici_pil,1998,3.163
EA19,investimenti_pubblici_pil,1999,3.335
EA19,investimenti_pubblici_pil,2000,3.291
EA19,investimenti_pubblici_pil,2001,3.328
EA19,investimenti_pubblici_pil,2002,3.288
EA19,investimenti_pubblici_pil,2003,3.428
EA19,investimenti_pubblici_pil,2004,3.34
EA19,investimenti_pubblici_pil,2005,3.363
EA19,investimenti_pubblici_pil,2006,3.424
EA19,investimenti_pubblici_pil,2007,3.445
EA19,investimenti_pubblici_pil,2008,3.552
EA19,investimenti_pubblici_pil,2009,3.871
EA19,investimenti_pubblici_pil,2010,3.652
EA19,investimenti_pubblici_pil,2011,3.346
EA19,investimenti_pubblici_pil,2012,3.179
EA19,investimenti_pubblici_pil,2013,3.075
EA19,investimenti_pubblici_pil,2014,2.927
EA19,investimenti_pubblici_pil,2015,2.933
EA19,investimenti_pubblici_pil,2016,2.806
EA19,investimenti_pubblici_pil,2017,2.805
EA19,investimenti_pubblici_pil,2018,2.881
EA19,investimenti_pubblici_pil,2019,2.977
EA19,investimenti_pubblici_pil,2020,3.243
EA19,investimenti_pubblici_pil,2021,3.184
EA19,investimenti_pubblici_pil,2022,3.141
EA19,investimenti_pubblici_pil,2023,3.314
EA19,investimenti_pubblici_pil,2024,3.457
EA19,investimenti_pubblici_pil,2025,3.623
EA19,investimenti_pubblici_pil,2026,3.779
EA19,investimenti_pubblici_pil,2027,3.8
BEL,investimenti_pubblici_pil,1995,2.219
BEL,investimenti_pubblici_pil,1996,2.079
BEL,investimenti_pubblici_pil,1997,2.111
BEL,investimenti_pubblici_pil,1998,2.059
BEL,investimenti_pubblici_pil,1999,2.351
BEL,investimenti_pubblici_pil,2000,2.379
BEL,investimenti_pubblici_pil,2001,2.121
BEL,investimenti_pubblici_pil,2002,2.065
BEL,investimenti_pubblici_pil,2003,2.095
BEL,investimenti_pubblici_pil,2004,2.013
BEL,investimenti_pubblici_pil,2005,2.065
BEL,investimenti_pubblici_pil,2006,1.91
BEL,investimenti_pubblici_pil,2007,1.984
BEL,investimenti_pubblici_pil,2008,2.04
BEL,investimenti_pubblici_pil,2009,2.258
BEL,investimenti_pubblici_pil,2010,2.241
BEL,investimenti_pubblici_pil,2011,2.369
BEL,investimenti_pubblici_pil,2012,2.473
BEL,investimenti_pubblici_pil,2013,2.325
BEL,investimenti_pubblici_pil,2014,2.545
BEL,investimenti_pubblici_pil,2015,2.492
BEL,investimenti_pubblici_pil,2016,2.439
BEL,investimenti_pubblici_pil,2017,2.455
BEL,investimenti_pubblici_pil,2018,2.666
BEL,investimenti_pubblici_pil,2019,2.636
BEL,investimenti_pubblici_pil,2020,2.75
BEL,investimenti_pubblici_pil,2021,2.77
BEL,investimenti_pubblici_pil,2022,2.729
BEL,investimenti_pubblici_pil,2023,2.855
BEL,investimenti_pubblici_pil,2024,3.124
BEL,investimenti_pubblici_pil,2025,3.107
BEL,investimenti_pubblici_pil,2026,3.251
BEL,investimenti_pubblici_pil,2027,3.254
DEU,investimenti_pubblici_pil,1991,3.127
DEU,investimenti_pubblici_pil,1992,3.235
DEU,investimenti_pubblici_pil,1993,3.093
DEU,investimenti_pubblici_pil,1994,2.915
DEU,investimenti_pubblici_pil,1995,2.691
DEU,investimenti_pubblici_pil,1996,2.6
DEU,investimenti_pubblici_pil,1997,2.407
DEU,investimenti_pubblici_pil,1998,2.368
DEU,investimenti_pubblici_pil,1999,2.707
DEU,investimenti_pubblici_pil,2000,2.601
DEU,investimenti_pubblici_pil,2001,2.532
DEU,investimenti_pubblici_pil,2002,2.62
DEU,investimenti_pubblici_pil,2003,2.514
DEU,investimenti_pubblici_pil,2004,2.24
DEU,investimenti_pubblici_pil,2005,2.208
DEU,investimenti_pubblici_pil,2006,2.311
DEU,investimenti_pubblici_pil,2007,2.234
DEU,investimenti_pubblici_pil,2008,2.371
DEU,investimenti_pubblici_pil,2009,2.634
DEU,investimenti_pubblici_pil,2010,2.619
DEU,investimenti_pubblici_pil,2011,2.567
DEU,investimenti_pubblici_pil,2012,2.466
DEU,investimenti_pubblici_pil,2013,2.436
DEU,investimenti_pubblici_pil,2014,2.35
DEU,investimenti_pubblici_pil,2015,2.385
DEU,investimenti_pubblici_pil,2016,2.444
DEU,investimenti_pubblici_pil,2017,2.485
DEU,investimenti_pubblici_pil,2018,2.647
DEU,investimenti_pubblici_pil,2019,2.704
DEU,investimenti_pubblici_pil,2020,3.03
DEU,investimenti_pubblici_pil,2021,2.87
DEU,investimenti_pubblici_pil,2022,2.875
DEU,investimenti_pubblici_pil,2023,2.879
DEU,investimenti_pubblici_pil,2024,3.056
DEU,investimenti_pubblici_pil,2025,3.252
DEU,investimenti_pubblici_pil,2026,3.51
DEU,investimenti_pubblici_pil,2027,3.713
GRC,investimenti_pubblici_pil,1995,3.959
GRC,investimenti_pubblici_pil,1996,4.215
GRC,investimenti_pubblici_pil,1997,4.052
GRC,investimenti_pubblici_pil,1998,5.265
GRC,investimenti_pubblici_pil,1999,5.65
GRC,investimenti_pubblici_pil,2000,5.242
GRC,investimenti_pubblici_pil,2001,6.135
GRC,investimenti_pubblici_pil,2002,5.041
GRC,investimenti_pubblici_pil,2003,6.109
GRC,investimenti_pubblici_pil,2004,5.836
GRC,investimenti_pubblici_pil,2005,4.524
GRC,investimenti_pubblici_pil,2006,5.825
GRC,investimenti_pubblici_pil,2007,4.922
GRC,investimenti_pubblici_pil,2008,5.659
GRC,investimenti_pubblici_pil,2009,5.786
GRC,investimenti_pubblici_pil,2010,3.726
GRC,investimenti_pubblici_pil,2011,2.501
GRC,investimenti_pubblici_pil,2012,2.595
GRC,investimenti_pubblici_pil,2013,3.493
GRC,investimenti_pubblici_pil,2014,3.732
GRC,investimenti_pubblici_pil,2015,3.885
GRC,investimenti_pubblici_pil,2016,3.575
GRC,investimenti_pubblici_pil,2017,4.529
GRC,investimenti_pubblici_pil,2018,3.216
GRC,investimenti_pubblici_pil,2019,2.471
GRC,investimenti_pubblici_pil,2020,3.072
GRC,investimenti_pubblici_pil,2021,3.662
GRC,investimenti_pubblici_pil,2022,3.978
GRC,investimenti_pubblici_pil,2023,4.031
GRC,investimenti_pubblici_pil,2024,4.252
GRC,investimenti_pubblici_pil,2025,4.773
GRC,investimenti_pubblici_pil,2026,4.818
GRC,investimenti_pubblici_pil,2027,5.807
ESP,investimenti_pubblici_pil,1995,4.398
ESP,investimenti_pubblici_pil,1996,3.728
ESP,investimenti_pubblici_pil,1997,3.724
ESP,investimenti_pubblici_pil,1998,3.86
ESP,investimenti_pubblici_pil,1999,3.878
ESP,investimenti_pubblici_pil,2000,3.695
ESP,investimenti_pubblici_pil,2001,3.786
ESP,investimenti_pubblici_pil,2002,4.066
ESP,investimenti_pubblici_pil,2003,4.144
ESP,investimenti_pubblici_pil,2004,4.0
ESP,investimenti_pubblici_pil,2005,4.216
ESP,investimenti_pubblici_pil,2006,4.362
ESP,investimenti_pubblici_pil,2007,4.679
ESP,investimenti_pubblici_pil,2008,4.649
ESP,investimenti_pubblici_pil,2009,5.159
ESP,investimenti_pubblici_pil,2010,4.731
ESP,investimenti_pubblici_pil,2011,3.743
ESP,investimenti_pubblici_pil,2012,3.142
ESP,investimenti_pubblici_pil,2013,2.403
ESP,investimenti_pubblici_pil,2014,2.125
ESP,investimenti_pubblici_pil,2015,2.576
ESP,investimenti_pubblici_pil,2016,1.977
ESP,investimenti_pubblici_pil,2017,1.976
ESP,investimenti_pubblici_pil,2018,2.136
ESP,investimenti_pubblici_pil,2019,2.17
ESP,investimenti_pubblici_pil,2020,2.63
ESP,investimenti_pubblici_pil,2021,2.719
ESP,investimenti_pubblici_pil,2022,2.715
ESP,investimenti_pubblici_pil,2023,2.984
ESP,investimenti_pubblici_pil,2024,2.727
ESP,investimenti_pubblici_pil,2025,2.942
ESP,investimenti_pubblici_pil,2026,3.163
ESP,investimenti_pubblici_pil,2027,3.035
FRA,investimenti_pubblici_pil,1978,4.025
FRA,investimenti_pubblici_pil,1979,4.057
FRA,investimenti_pubblici_pil,1980,4.17
FRA,investimenti_pubblici_pil,1981,4.333
FRA,investimenti_pubblici_pil,1982,4.481
FRA,investimenti_pubblici_pil,1983,4.256
FRA,investimenti_pubblici_pil,1984,4.217
FRA,investimenti_pubblici_pil,1985,4.367
FRA,investimenti_pubblici_pil,1986,4.316
FRA,investimenti_pubblici_pil,1987,4.411
FRA,investimenti_pubblici_pil,1988,4.63
FRA,investimenti_pubblici_pil,1989,4.616
FRA,investimenti_pubblici_pil,1990,4.657
FRA,investimenti_pubblici_pil,1991,4.801
FRA,investimenti_pubblici_pil,1992,4.763
FRA,investimenti_pubblici_pil,1993,4.603
FRA,investimenti_pubblici_pil,1994,4.499
FRA,investimenti_pubblici_pil,1995,4.636
FRA,investimenti_pubblici_pil,1996,4.572
FRA,investimenti_pubblici_pil,1997,4.196
FRA,investimenti_pubblici_pil,1998,4.059
FRA,investimenti_pubblici_pil,1999,4.126
FRA,investimenti_pubblici_pil,2000,4.281
FRA,investimenti_pubblici_pil,2001,4.197
FRA,investimenti_pubblici_pil,2002,4.099
FRA,investimenti_pubblici_pil,2003,4.263
FRA,investimenti_pubblici_pil,2004,4.34
FRA,investimenti_pubblici_pil,2005,4.449
FRA,investimenti_pubblici_pil,2006,4.381
FRA,investimenti_pubblici_pil,2007,4.377
FRA,investimenti_pubblici_pil,2008,4.443
FRA,investimenti_pubblici_pil,2009,4.826
FRA,investimenti_pubblici_pil,2010,4.797
FRA,investimenti_pubblici_pil,2011,4.493
FRA,investimenti_pubblici_pil,2012,4.554
FRA,investimenti_pubblici_pil,2013,4.574
FRA,investimenti_pubblici_pil,2014,4.261
FRA,investimenti_pubblici_pil,2015,3.941
FRA,investimenti_pubblici_pil,2016,3.922
FRA,investimenti_pubblici_pil,2017,3.847
FRA,investimenti_pubblici_pil,2018,3.914
FRA,investimenti_pubblici_pil,2019,4.155
FRA,investimenti_pubblici_pil,2020,4.152
FRA,investimenti_pubblici_pil,2021,4.073
FRA,investimenti_pubblici_pil,2022,4.153
FRA,investimenti_pubblici_pil,2023,4.227
FRA,investimenti_pubblici_pil,2024,4.345
FRA,investimenti_pubblici_pil,2025,4.396
FRA,investimenti_pubblici_pil,2026,4.323
FRA,investimenti_pubblici_pil,2027,4.268
ITA,investimenti_pubblici_pil,1995,2.538
ITA,investimenti_pubblici_pil,1996,2.63
ITA,investimenti_pubblici_pil,1997,2.644
ITA,investimenti_pubblici_pil,1998,2.736
ITA,investimenti_pubblici_pil,1999,2.847
ITA,investimenti_pubblici_pil,2000,2.78
ITA,investimenti_pubblici_pil,2001,2.956
ITA,investimenti_pubblici_pil,2002,2.442
ITA,investimenti_pubblici_pil,2003,3.029
ITA,investimenti_pubblici_pil,2004,3.113
ITA,investimenti_pubblici_pil,2005,3.143
ITA,investimenti_pubblici_pil,2006,3.131
ITA,investimenti_pubblici_pil,2007,3.13
ITA,investimenti_pubblici_pil,2008,3.133
ITA,investimenti_pubblici_pil,2009,3.62
ITA,investimenti_pubblici_pil,2010,3.055
ITA,investimenti_pubblici_pil,2011,2.861
ITA,investimenti_pubblici_pil,2012,2.625
ITA,investimenti_pubblici_pil,2013,2.49
ITA,investimenti_pubblici_pil,2014,2.3
ITA,investimenti_pubblici_pil,2015,2.415
ITA,investimenti_pubblici_pil,2016,2.263
ITA,investimenti_pubblici_pil,2017,2.173
ITA,investimenti_pubblici_pil,2018,2.128
ITA,investimenti_pubblici_pil,2019,2.321
ITA,investimenti_pubblici_pil,2020,2.628
ITA,investimenti_pubblici_pil,2021,2.844
ITA,investimenti_pubblici_pil,2022,2.642
ITA,investimenti_pubblici_pil,2023,3.154
ITA,investimenti_pubblici_pil,2024,3.592
ITA,investimenti_pubblici_pil,2025,3.84
ITA,investimenti_pubblici_pil,2026,3.788
ITA,investimenti_pubblici_pil,2027,3.825
NLD,investimenti_pubblici_pil,1995,3.781
NLD,investimenti_pubblici_pil,1996,3.998
NLD,investimenti_pubblici_pil,1997,3.714
NLD,investimenti_pubblici_pil,1998,3.586
NLD,investimenti_pubblici_pil,1999,3.763
NLD,investimenti_pubblici_pil,2000,3.786
NLD,investimenti_pubblici_pil,2001,3.923
NLD,investimenti_pubblici_pil,2002,4.256
NLD,investimenti_pubblici_pil,2003,4.319
NLD,investimenti_pubblici_pil,2004,3.959
NLD,investimenti_pubblici_pil,2005,3.868
NLD,investimenti_pubblici_pil,2006,4.047
NLD,investimenti_pubblici_pil,2007,3.943
NLD,investimenti_pubblici_pil,2008,4.028
NLD,investimenti_pubblici_pil,2009,4.365
NLD,investimenti_pubblici_pil,2010,4.252
NLD,investimenti_pubblici_pil,2011,4.255
NLD,investimenti_pubblici_pil,2012,3.857
NLD,investimenti_pubblici_pil,2013,3.742
NLD,investimenti_pubblici_pil,2014,3.562
NLD,investimenti_pubblici_pil,2015,3.599
NLD,investimenti_pubblici_pil,2016,3.45
NLD,investimenti_pubblici_pil,2017,3.377
NLD,investimenti_pubblici_pil,2018,3.344
NLD,investimenti_pubblici_pil,2019,3.393
NLD,investimenti_pubblici_pil,2020,3.649
NLD,investimenti_pubblici_pil,2021,3.411
NLD,investimenti_pubblici_pil,2022,3.178
NLD,investimenti_pubblici_pil,2023,3.305
NLD,investimenti_pubblici_pil,2024,3.24
NLD,investimenti_pubblici_pil,2025,3.453
NLD,investimenti_pubblici_pil,2026,3.442
NLD,investimenti_pubblici_pil,2027,3.568
PRT,investimenti_pubblici_pil,1995,4.409
PRT,investimenti_pubblici_pil,1996,4.869
PRT,investimenti_pubblici_pil,1997,5.57
PRT,investimenti_pubblici_pil,1998,5.102
PRT,investimenti_pubblici_pil,1999,4.936
PRT,investimenti_pubblici_pil,2000,4.608
PRT,investimenti_pubblici_pil,2001,5.033
PRT,investimenti_pubblici_pil,2002,4.608
PRT,investimenti_pubblici_pil,2003,4.376
PRT,investimenti_pubblici_pil,2004,4.437
PRT,investimenti_pubblici_pil,2005,4.079
PRT,investimenti_pubblici_pil,2006,3.356
PRT,investimenti_pubblici_pil,2007,3.217
PRT,investimenti_pubblici_pil,2008,3.713
PRT,investimenti_pubblici_pil,2009,4.108
PRT,investimenti_pubblici_pil,2010,5.27
PRT,investimenti_pubblici_pil,2011,3.482
PRT,investimenti_pubblici_pil,2012,2.467
PRT,investimenti_pubblici_pil,2013,2.18
PRT,investimenti_pubblici_pil,2014,1.992
PRT,investimenti_pubblici_pil,2015,2.253
PRT,investimenti_pubblici_pil,2016,1.551
PRT,investimenti_pubblici_pil,2017,1.789
PRT,investimenti_pubblici_pil,2018,1.852
PRT,investimenti_pubblici_pil,2019,1.847
PRT,investimenti_pubblici_pil,2020,2.311
PRT,investimenti_pubblici_pil,2021,2.582
PRT,investimenti_pubblici_pil,2022,2.38
PRT,investimenti_pubblici_pil,2023,2.567
PRT,investimenti_pubblici_pil,2024,2.72
PRT,investimenti_pubblici_pil,2025,2.988
PRT,investimenti_pubblici_pil,2026,4.333
PRT,investimenti_pubblici_pil,2027,2.834
EU27,pil_reale_procapite,1995,22.425
EU27,pil_reale_procapite,1996,22.8
EU27,pil_reale_procapite,1997,23.386
EU27,pil_reale_procapite,1998,24.056
EU27,pil_reale_procapite,1999,24.748
EU27,pil_reale_procapite,2000,25.66
EU27,pil_reale_procapite,2001,26.168
EU27,pil_reale_procapite,2002,26.392
EU27,pil_reale_procapite,2003,26.531
EU27,pil_reale_procapite,2004,27.107
EU27,pil_reale_procapite,2005,27.53
EU27,pil_reale_procapite,2006,28.414
EU27,pil_reale_procapite,2007,29.198
EU27,pil_reale_procapite,2008,29.282
EU27,pil_reale_procapite,2009,27.967
EU27,pil_reale_procapite,2010,28.525
EU27,pil_reale_procapite,2011,29.031
EU27,pil_reale_procapite,2012,28.767
EU27,pil_reale_procapite,2013,28.737
EU27,pil_reale_procapite,2014,29.177
EU27,pil_reale_procapite,2015,29.81
EU27,pil_reale_procapite,2016,30.328
EU27,pil_reale_procapite,2017,31.143
EU27,pil_reale_procapite,2018,31.734
EU27,pil_reale_procapite,2019,32.272
EU27,pil_reale_procapite,2020,30.514
EU27,pil_reale_procapite,2021,32.474
EU27,pil_reale_procapite,2022,33.42
EU27,pil_reale_procapite,2023,33.396
EU27,pil_reale_procapite,2024,33.657
EU27,pil_reale_procapite,2025,34.111
EU27,pil_reale_procapite,2026,34.418
EU27,pil_reale_procapite,2027,34.852
EU15,pil_reale_procapite,1995,27.909
EU15,pil_reale_procapite,1996,28.335
EU15,pil_reale_procapite,1997,29.121
EU15,pil_reale_procapite,1998,29.935
EU15,pil_reale_procapite,1999,30.762
EU15,pil_reale_procapite,2000,31.89
EU15,pil_reale_procapite,2001,32.45
EU15,pil_reale_procapite,2002,32.622
EU15,pil_reale_procapite,2003,32.821
EU15,pil_reale_procapite,2004,33.401
EU15,pil_reale_procapite,2005,33.84
EU15,pil_reale_procapite,2006,34.706
EU15,pil_reale_procapite,2007,35.485
EU15,pil_reale_procapite,2008,35.362
EU15,pil_reale_procapite,2009,33.668
EU15,pil_reale_procapite,2010,34.281
EU15,pil_reale_procapite,2011,34.695
EU15,pil_reale_procapite,2012,34.393
EU15,pil_reale_procapite,2013,34.376
EU15,pil_reale_procapite,2014,34.874
EU15,pil_reale_procapite,2015,35.491
EU15,pil_reale_procapite,2016,36.016
EU15,pil_reale_procapite,2017,36.857
EU15,pil_reale_procapite,2018,37.366
EU15,pil_reale_procapite,2019,37.826
EU15,pil_reale_procapite,2020,35.298
EU15,pil_reale_procapite,2021,37.617
EU15,pil_reale_procapite,2022,38.805
EU15,pil_reale_procapite,2023,38.655
EU15,pil_reale_procapite,2024,38.82
EU15,pil_reale_procapite,2025,39.248
EU15,pil_reale_procapite,2026,39.463
EU15,pil_reale_procapite,2027,39.831
EA19,pil_reale_procapite,1995,26.692
EA19,pil_reale_procapite,1996,27.074
EA19,pil_reale_procapite,1997,27.74
EA19,pil_reale_procapite,1998,28.508
EA19,pil_reale_procapite,1999,29.298
EA19,pil_reale_procapite,2000,30.335
EA19,pil_reale_procapite,2001,30.886
EA19,pil_reale_procapite,2002,31.009
EA19,pil_reale_procapite,2003,31.059
EA19,pil_reale_procapite,2004,31.606
EA19,pil_reale_procapite,2005,31.986
EA19,pil_reale_procapite,2006,32.896
EA19,pil_reale_procapite,2007,33.699
EA19,pil_reale_procapite,2008,33.668
EA19,pil_reale_procapite,2009,32.069
EA19,pil_reale_procapite,2010,32.664
EA19,pil_reale_procapite,2011,33.146
EA19,pil_reale_procapite,2012,32.766
EA19,pil_reale_procapite,2013,32.664
EA19,pil_reale_procapite,2014,33.086
EA19,pil_reale_procapite,2015,33.694
EA19,pil_reale_procapite,2016,34.203
EA19,pil_reale_procapite,2017,35.032
EA19,pil_reale_procapite,2018,35.573
EA19,pil_reale_procapite,2019,36.053
EA19,pil_reale_procapite,2020,33.842
EA19,pil_reale_procapite,2021,35.993
EA19,pil_reale_procapite,2022,37.114
EA19,pil_reale_procapite,2023,37.035
EA19,pil_reale_procapite,2024,37.212
EA19,pil_reale_procapite,2025,37.618
EA19,pil_reale_procapite,2026,37.855
EA19,pil_reale_procapite,2027,38.236
BEL,pil_reale_procapite,1995,31.062
BEL,pil_reale_procapite,1996,31.411
BEL,pil_reale_procapite,1997,32.526
BEL,pil_reale_procapite,1998,33.093
BEL,pil_reale_procapite,1999,34.185
BEL,pil_reale_procapite,2000,35.37
BEL,pil_reale_procapite,2001,35.636
BEL,pil_reale_procapite,2002,36.082
BEL,pil_reale_procapite,2003,36.304
BEL,pil_reale_procapite,2004,37.439
BEL,pil_reale_procapite,2005,38.098
BEL,pil_reale_procapite,2006,38.813
BEL,pil_reale_procapite,2007,39.946
BEL,pil_reale_procapite,2008,39.809
BEL,pil_reale_procapite,2009,38.737
BEL,pil_reale_procapite,2010,39.425
BEL,pil_reale_procapite,2011,39.667
BEL,pil_reale_procapite,2012,39.507
BEL,pil_reale_procapite,2013,39.441
BEL,pil_reale_procapite,2014,39.959
BEL,pil_reale_procapite,2015,40.314
BEL,pil_reale_procapite,2016,40.589
BEL,pil_reale_procapite,2017,41.029
BEL,pil_reale_procapite,2018,41.61
BEL,pil_reale_procapite,2019,42.397
BEL,pil_reale_procapite,2020,40.191
BEL,pil_reale_procapite,2021,42.529
BEL,pil_reale_procapite,2022,43.885
BEL,pil_reale_procapite,2023,44.193
BEL,pil_reale_procapite,2024,44.413
BEL,pil_reale_procapite,2025,44.646
BEL,pil_reale_procapite,2026,44.768
BEL,pil_reale_procapite,2027,45.031
DEU,pil_reale_procapite,1991,30.428
DEU,pil_reale_procapite,1992,30.838
DEU,pil_reale_procapite,1993,30.37
DEU,pil_reale_procapite,1994,31.081
DEU,pil_reale_procapite,1995,31.486
DEU,pil_reale_procapite,1996,31.751
DEU,pil_reale_procapite,1997,32.323
DEU,pil_reale_procapite,1998,33.026
DEU,pil_reale_procapite,1999,33.739
DEU,pil_reale_procapite,2000,34.695
DEU,pil_reale_procapite,2001,35.237
DEU,pil_reale_procapite,2002,35.13
DEU,pil_reale_procapite,2003,34.956
DEU,pil_reale_procapite,2004,35.403
DEU,pil_reale_procapite,2005,35.768
DEU,pil_reale_procapite,2006,37.227
DEU,pil_reale_procapite,2007,38.388
DEU,pil_reale_procapite,2008,38.838
DEU,pil_reale_procapite,2009,36.813
DEU,pil_reale_procapite,2010,38.43
DEU,pil_reale_procapite,2011,39.878
DEU,pil_reale_procapite,2012,40.008
DEU,pil_reale_procapite,2013,40.101
DEU,pil_reale_procapite,2014,40.853
DEU,pil_reale_procapite,2015,41.233
DEU,pil_reale_procapite,2016,41.881
DEU,pil_reale_procapite,2017,42.963
DEU,pil_reale_procapite,2018,43.388
DEU,pil_reale_procapite,2019,43.787
DEU,pil_reale_procapite,2020,42.017
DEU,pil_reale_procapite,2021,43.73
DEU,pil_reale_procapite,2022,44.233
DEU,pil_reale_procapite,2023,43.449
DEU,pil_reale_procapite,2024,43.115
DEU,pil_reale_procapite,2025,43.215
DEU,pil_reale_procapite,2026,43.516
DEU,pil_reale_procapite,2027,43.967
GRC,pil_reale_procapite,1960,4.465
GRC,pil_reale_procapite,1961,5.014
GRC,pil_reale_procapite,1962,5.003
GRC,pil_reale_procapite,1963,5.575
GRC,pil_reale_procapite,1964,6.077
GRC,pil_reale_procapite,1965,6.7
GRC,pil_reale_procapite,1966,7.083
GRC,pil_reale_procapite,1967,7.424
GRC,pil_reale_procapite,1968,7.907
GRC,pil_reale_procapite,1969,8.789
GRC,pil_reale_procapite,1970,9.552
GRC,pil_reale_procapite,1971,10.257
GRC,pil_reale_procapite,1972,11.226
GRC,pil_reale_procapite,1973,12.079
GRC,pil_reale_procapite,1974,11.26
GRC,pil_reale_procapite,1975,11.865
GRC,pil_reale_procapite,1976,12.482
GRC,pil_reale_procapite,1977,12.683
GRC,pil_reale_procapite,1978,13.427
GRC,pil_reale_procapite,1979,13.696
GRC,pil_reale_procapite,1980,13.654
GRC,pil_reale_procapite,1981,13.322
GRC,pil_reale_procapite,1982,13.09
GRC,pil_reale_procapite,1983,12.874
GRC,pil_reale_procapite,1984,13.067
GRC,pil_reale_procapite,1985,13.344
GRC,pil_reale_procapite,1986,13.368
GRC,pil_reale_procapite,1987,13.023
GRC,pil_reale_procapite,1988,13.532
GRC,pil_reale_procapite,1989,13.973
GRC,pil_reale_procapite,1990,13.826
GRC,pil_reale_procapite,1991,14.085
GRC,pil_reale_procapite,1992,14.075
GRC,pil_reale_procapite,1993,13.769
GRC,pil_reale_procapite,1994,13.974
GRC,pil_reale_procapite,1995,14.201
GRC,pil_reale_procapite,1996,14.334
GRC,pil_reale_procapite,1997,14.777
GRC,pil_reale_procapite,1998,15.2
GRC,pil_reale_procapite,1999,15.545
GRC,pil_reale_procapite,2000,16.122
GRC,pil_reale_procapite,2001,16.784
GRC,pil_reale_procapite,2002,17.506
GRC,pil_reale_procapite,2003,18.477
GRC,pil_reale_procapite,2004,19.422
GRC,pil_reale_procapite,2005,19.594
GRC,pil_reale_procapite,2006,20.794
GRC,pil_reale_procapite,2007,21.469
GRC,pil_reale_procapite,2008,21.424
GRC,pil_reale_procapite,2009,20.488
GRC,pil_reale_procapite,2010,19.296
GRC,pil_reale_procapite,2011,17.416
GRC,pil_reale_procapite,2012,16.052
GRC,pil_reale_procapite,2013,15.801
GRC,pil_reale_procapite,2014,16.033
GRC,pil_reale_procapite,2015,16.102
GRC,pil_reale_procapite,2016,16.164
GRC,pil_reale_procapite,2017,16.435
GRC,pil_reale_procapite,2018,16.808
GRC,pil_reale_procapite,2019,17.209
GRC,pil_reale_procapite,2020,15.66
GRC,pil_reale_procapite,2021,17.108
GRC,pil_reale_procapite,2022,18.157
GRC,pil_reale_procapite,2023,18.6
GRC,pil_reale_procapite,2024,19.018
GRC,pil_reale_procapite,2025,19.401
GRC,pil_reale_procapite,2026,19.754
GRC,pil_reale_procapite,2027,20.093
ESP,pil_reale_procapite,1960,6.1
ESP,pil_reale_procapite,1961,6.708
ESP,pil_reale_procapite,1962,7.272
ESP,pil_reale_procapite,1963,7.84
ESP,pil_reale_procapite,1964,8.243
ESP,pil_reale_procapite,1965,8.664
ESP,pil_reale_procapite,1966,9.185
ESP,pil_reale_procapite,1967,9.467
ESP,pil_reale_procapite,1968,9.972
ESP,pil_reale_procapite,1969,10.754
ESP,pil_reale_procapite,1970,11.107
ESP,pil_reale_procapite,1971,11.466
ESP,pil_reale_procapite,1972,12.264
ESP,pil_reale_procapite,1973,13.074
ESP,pil_reale_procapite,1974,13.659
ESP,pil_reale_procapite,1975,13.585
ESP,pil_reale_procapite,1976,13.887
ESP,pil_reale_procapite,1977,14.135
ESP,pil_reale_procapite,1978,14.204
ESP,pil_reale_procapite,1979,14.085
ESP,pil_reale_procapite,1980,14.154
ESP,pil_reale_procapite,1981,14.035
ESP,pil_reale_procapite,1982,14.125
ESP,pil_reale_procapite,1983,14.305
ESP,pil_reale_procapite,1984,14.5
ESP,pil_reale_procapite,1985,14.783
ESP,pil_reale_procapite,1986,15.219
ESP,pil_reale_procapite,1987,16.021
ESP,pil_reale_procapite,1988,16.802
ESP,pil_reale_procapite,1989,17.585
ESP,pil_reale_procapite,1990,18.232
ESP,pil_reale_procapite,1991,18.648
ESP,pil_reale_procapite,1992,18.73
ESP,pil_reale_procapite,1993,18.441
ESP,pil_reale_procapite,1994,18.79
ESP,pil_reale_procapite,1995,19.226
ESP,pil_reale_procapite,1996,19.645
ESP,pil_reale_procapite,1997,20.266
ESP,pil_reale_procapite,1998,21.052
ESP,pil_reale_procapite,1999,21.895
ESP,pil_reale_procapite,2000,22.929
ESP,pil_reale_procapite,2001,23.704
ESP,pil_reale_procapite,2002,23.97
ESP,pil_reale_procapite,2003,24.223
ESP,pil_reale_procapite,2004,24.591
ESP,pil_reale_procapite,2005,24.996
ESP,pil_reale_procapite,2006,25.597
ESP,pil_reale_procapite,2007,25.989
ESP,pil_reale_procapite,2008,25.763
ESP,pil_reale_procapite,2009,24.586
ESP,pil_reale_procapite,2010,24.506
ESP,pil_reale_procapite,2011,24.259
ESP,pil_reale_procapite,2012,23.557
ESP,pil_reale_procapite,2013,23.305
ESP,pil_reale_procapite,2014,23.735
ESP,pil_reale_procapite,2015,24.725
ESP,pil_reale_procapite,2016,25.422
ESP,pil_reale_procapite,2017,26.111
ESP,pil_reale_procapite,2018,26.619
ESP,pil_reale_procapite,2019,26.927
ESP,pil_reale_procapite,2020,23.851
ESP,pil_reale_procapite,2021,25.444
ESP,pil_reale_procapite,2022,26.816
ESP,pil_reale_procapite,2023,27.154
ESP,pil_reale_procapite,2024,27.802
ESP,pil_reale_procapite,2025,28.323
ESP,pil_reale_procapite,2026,28.743
ESP,pil_reale_procapite,2027,29.054
FRA,pil_reale_procapite,1960,10.519
FRA,pil_reale_procapite,1961,10.921
FRA,pil_reale_procapite,1962,11.461
FRA,pil_reale_procapite,1963,11.951
FRA,pil_reale_procapite,1964,12.604
FRA,pil_reale_procapite,1965,13.089
FRA,pil_reale_procapite,1966,13.647
FRA,pil_reale_procapite,1967,14.189
FRA,pil_reale_procapite,1968,14.724
FRA,pil_reale_procapite,1969,15.641
FRA,pil_reale_procapite,1970,16.462
FRA,pil_reale_procapite,1971,17.17
FRA,pil_reale_procapite,1972,17.789
FRA,pil_reale_procapite,1973,18.738
FRA,pil_reale_procapite,1974,19.437
FRA,pil_reale_procapite,1975,19.165
FRA,pil_reale_procapite,1976,19.916
FRA,pil_reale_procapite,1977,20.532
FRA,pil_reale_procapite,1978,21.25
FRA,pil_reale_procapite,1979,21.939
FRA,pil_reale_procapite,1980,22.193
FRA,pil_reale_procapite,1981,22.331
FRA,pil_reale_procapite,1982,22.743
FRA,pil_reale_procapite,1983,22.907
FRA,pil_reale_procapite,1984,23.165
FRA,pil_reale_procapite,1985,23.413
FRA,pil_reale_procapite,1986,23.852
FRA,pil_reale_procapite,1987,24.331
FRA,pil_reale_procapite,1988,25.358
FRA,pil_reale_procapite,1989,26.321
FRA,pil_reale_procapite,1990,26.922
FRA,pil_reale_procapite,1991,27.123
FRA,pil_reale_procapite,1992,27.403
FRA,pil_reale_procapite,1993,27.191
FRA,pil_reale_procapite,1994,27.739
FRA,pil_reale_procapite,1995,28.279
FRA,pil_reale_procapite,1996,28.575
FRA,pil_reale_procapite,1997,29.197
FRA,pil_reale_procapite,1998,30.097
FRA,pil_reale_procapite,1999,30.963
FRA,pil_reale_procapite,2000,32.027
FRA,pil_reale_procapite,2001,32.402
FRA,pil_reale_procapite,2002,32.514
FRA,pil_reale_procapite,2003,32.602
FRA,pil_reale_procapite,2004,33.297
FRA,pil_reale_procapite,2005,33.676
FRA,pil_reale_procapite,2006,34.356
FRA,pil_reale_procapite,2007,35.014
FRA,pil_reale_procapite,2008,34.958
FRA,pil_reale_procapite,2009,33.802
FRA,pil_reale_procapite,2010,34.314
FRA,pil_reale_procapite,2011,34.985
FRA,pil_reale_procapite,2012,34.885
FRA,pil_reale_procapite,2013,34.985
FRA,pil_reale_procapite,2014,35.154
FRA,pil_reale_procapite,2015,35.372
FRA,pil_reale_procapite,2016,35.543
FRA,pil_reale_procapite,2017,36.138
FRA,pil_reale_procapite,2018,36.566
FRA,pil_reale_procapite,2019,37.163
FRA,pil_reale_procapite,2020,34.28
FRA,pil_reale_procapite,2021,36.471
FRA,pil_reale_procapite,2022,37.32
FRA,pil_reale_procapite,2023,37.761
FRA,pil_reale_procapite,2024,38.11
FRA,pil_reale_procapite,2025,38.354
FRA,pil_reale_procapite,2026,38.578
FRA,pil_reale_procapite,2027,38.936
ITA,pil_reale_procapite,1960,9.152
ITA,pil_reale_procapite,1961,9.861
ITA,pil_reale_procapite,1962,10.478
ITA,pil_reale_procapite,1963,11.048
ITA,pil_reale_procapite,1964,11.392
ITA,pil_reale_procapite,1965,11.816
ITA,pil_reale_procapite,1966,12.508
ITA,pil_reale_procapite,1967,13.376
ITA,pil_reale_procapite,1968,14.265
ITA,pil_reale_procapite,1969,15.12
ITA,pil_reale_procapite,1970,15.948
ITA,pil_reale_procapite,1971,16.13
ITA,pil_reale_procapite,1972,16.588
ITA,pil_reale_procapite,1973,17.583
ITA,pil_reale_procapite,1974,18.35
ITA,pil_reale_procapite,1975,17.801
ITA,pil_reale_procapite,1976,18.89
ITA,pil_reale_procapite,1977,19.222
ITA,pil_reale_procapite,1978,19.709
ITA,pil_reale_procapite,1979,20.744
ITA,pil_reale_procapite,1980,21.343
ITA,pil_reale_procapite,1981,21.436
ITA,pil_reale_procapite,1982,21.454
ITA,pil_reale_procapite,1983,21.644
ITA,pil_reale_procapite,1984,22.291
ITA,pil_reale_procapite,1985,22.869
ITA,pil_reale_procapite,1986,23.488
ITA,pil_reale_procapite,1987,24.205
ITA,pil_reale_procapite,1988,25.168
ITA,pil_reale_procapite,1989,25.968
ITA,pil_reale_procapite,1990,26.46
ITA,pil_reale_procapite,1991,26.822
ITA,pil_reale_procapite,1992,26.998
ITA,pil_reale_procapite,1993,26.756
ITA,pil_reale_procapite,1994,27.306
ITA,pil_reale_procapite,1995,28.038
ITA,pil_reale_procapite,1996,28.407
ITA,pil_reale_procapite,1997,28.939
ITA,pil_reale_procapite,1998,29.452
ITA,pil_reale_procapite,1999,29.942
ITA,pil_reale_procapite,2000,31.09
ITA,pil_reale_procapite,2001,31.693
ITA,pil_reale_procapite,2002,31.717
ITA,pil_reale_procapite,2003,31.567
ITA,pil_reale_procapite,2004,31.795
ITA,pil_reale_procapite,2005,31.851
ITA,pil_reale_procapite,2006,32.294
ITA,pil_reale_procapite,2007,32.568
ITA,pil_reale_procapite,2008,31.987
ITA,pil_reale_procapite,2009,30.115
ITA,pil_reale_procapite,2010,30.44
ITA,pil_reale_procapite,2011,30.546
ITA,pil_reale_procapite,2012,29.511
ITA,pil_reale_procapite,2013,28.916
ITA,pil_reale_procapite,2014,28.912
ITA,pil_reale_procapite,2015,29.212
ITA,pil_reale_procapite,2016,29.629
ITA,pil_reale_procapite,2017,30.161
ITA,pil_reale_procapite,2018,30.474
ITA,pil_reale_procapite,2019,30.681
ITA,pil_reale_procapite,2020,28.096
ITA,pil_reale_procapite,2021,30.764
ITA,pil_reale_procapite,2022,32.312
ITA,pil_reale_procapite,2023,32.627
ITA,pil_reale_procapite,2024,32.897
ITA,pil_reale_procapite,2025,33.08
ITA,pil_reale_procapite,2026,33.268
ITA,pil_reale_procapite,2027,33.486
NLD,pil_reale_procapite,1960,14.747
NLD,pil_reale_procapite,1961,15.0
NLD,pil_reale_procapite,1962,15.375
NLD,pil_reale_procapite,1963,15.719
NLD,pil_reale_procapite,1964,16.794
NLD,pil_reale_procapite,1965,17.434
NLD,pil_reale_procapite,1966,17.68
NLD,pil_reale_procapite,1967,18.404
NLD,pil_reale_procapite,1968,19.382
NLD,pil_reale_procapite,1969,20.399
NLD,pil_reale_procapite,1970,21.387
NLD,pil_reale_procapite,1971,22.037
NLD,pil_reale_procapite,1972,22.583
NLD,pil_reale_procapite,1973,23.621
NLD,pil_reale_procapite,1974,24.243
NLD,pil_reale_procapite,1975,24.036
NLD,pil_reale_procapite,1976,24.901
NLD,pil_reale_procapite,1977,25.376
NLD,pil_reale_procapite,1978,25.905
NLD,pil_reale_procapite,1979,26.248
NLD,pil_reale_procapite,1980,26.386
NLD,pil_reale_procapite,1981,25.997
NLD,pil_reale_procapite,1982,25.558
NLD,pil_reale_procapite,1983,25.985
NLD,pil_reale_procapite,1984,26.679
NLD,pil_reale_procapite,1985,27.245
NLD,pil_reale_procapite,1986,27.852
NLD,pil_reale_procapite,1987,28.202
NLD,pil_reale_procapite,1988,28.983
NLD,pil_reale_procapite,1989,30.089
NLD,pil_reale_procapite,1990,31.135
NLD,pil_reale_procapite,1991,31.639
NLD,pil_reale_procapite,1992,31.937
NLD,pil_reale_procapite,1993,32.11
NLD,pil_reale_procapite,1994,32.865
NLD,pil_reale_procapite,1995,33.718
NLD,pil_reale_procapite,1996,34.712
NLD,pil_reale_procapite,1997,35.999
NLD,pil_reale_procapite,1998,37.442
NLD,pil_reale_procapite,1999,39.069
NLD,pil_reale_procapite,2000,40.427
NLD,pil_reale_procapite,2001,41.057
NLD,pil_reale_procapite,2002,40.895
NLD,pil_reale_procapite,2003,40.743
NLD,pil_reale_procapite,2004,41.419
NLD,pil_reale_procapite,2005,42.163
NLD,pil_reale_procapite,2006,43.585
NLD,pil_reale_procapite,2007,45.179
NLD,pil_reale_procapite,2008,45.956
NLD,pil_reale_procapite,2009,44.047
NLD,pil_reale_procapite,2010,44.399
NLD,pil_reale_procapite,2011,44.976
NLD,pil_reale_procapite,2012,44.371
NLD,pil_reale_procapite,2013,44.228
NLD,pil_reale_procapite,2014,44.779
NLD,pil_reale_procapite,2015,45.526
NLD,pil_reale_procapite,2016,46.383
NLD,pil_reale_procapite,2017,47.392
NLD,pil_reale_procapite,2018,48.179
NLD,pil_reale_procapite,2019,48.966
NLD,pil_reale_procapite,2020,46.81
NLD,pil_reale_procapite,2021,49.49
NLD,pil_reale_procapite,2022,51.475
NLD,pil_reale_procapite,2023,50.663
NLD,pil_reale_procapite,2024,50.875
NLD,pil_reale_procapite,2025,51.516
NLD,pil_reale_procapite,2026,51.749
NLD,pil_reale_procapite,2027,52.099
PRT,pil_reale_procapite,1960,3.973
PRT,pil_reale_procapite,1961,4.083
PRT,pil_reale_procapite,1962,4.48
PRT,pil_reale_procapite,1963,4.633
PRT,pil_reale_procapite,1964,4.911
PRT,pil_reale_procapite,1965,5.395
PRT,pil_reale_procapite,1966,5.684
PRT,pil_reale_procapite,1967,5.957
PRT,pil_reale_procapite,1968,6.286
PRT,pil_reale_procapite,1969,6.497
PRT,pil_reale_procapite,1970,7.111
PRT,pil_reale_procapite,1971,7.89
PRT,pil_reale_procapite,1972,8.722
PRT,pil_reale_procapite,1973,9.149
PRT,pil_reale_procapite,1974,9.285
PRT,pil_reale_procapite,1975,8.483
PRT,pil_reale_procapite,1976,8.434
PRT,pil_reale_procapite,1977,8.847
PRT,pil_reale_procapite,1978,9.292
PRT,pil_reale_procapite,1979,9.846
PRT,pil_reale_procapite,1980,10.204
PRT,pil_reale_procapite,1981,10.336
PRT,pil_reale_procapite,1982,10.495
PRT,pil_reale_procapite,1983,10.548
PRT,pil_reale_procapite,1984,10.398
PRT,pil_reale_procapite,1985,10.539
PRT,pil_reale_procapite,1986,10.879
PRT,pil_reale_procapite,1987,11.712
PRT,pil_reale_procapite,1988,12.351
PRT,pil_reale_procapite,1989,13.191
PRT,pil_reale_procapite,1990,14.259
PRT,pil_reale_procapite,1991,14.773
PRT,pil_reale_procapite,1992,15.248
PRT,pil_reale_procapite,1993,15.124
PRT,pil_reale_procapite,1994,15.308
PRT,pil_reale_procapite,1995,15.608
PRT,pil_reale_procapite,1996,16.094
PRT,pil_reale_procapite,1997,16.727
PRT,pil_reale_procapite,1998,17.443
PRT,pil_reale_procapite,1999,18.022
PRT,pil_reale_procapite,2000,18.579
PRT,pil_reale_procapite,2001,18.807
PRT,pil_reale_procapite,2002,18.848
PRT,pil_reale_procapite,2003,18.603
PRT,pil_reale_procapite,2004,18.891
PRT,pil_reale_procapite,2005,19.003
PRT,pil_reale_procapite,2006,19.277
PRT,pil_reale_procapite,2007,19.722
PRT,pil_reale_procapite,2008,19.756
PRT,pil_reale_procapite,2009,19.121
PRT,pil_reale_procapite,2010,19.444
PRT,pil_reale_procapite,2011,19.108
PRT,pil_reale_procapite,2012,18.409
PRT,pil_reale_procapite,2013,18.328
PRT,pil_reale_procapite,2014,18.561
PRT,pil_reale_procapite,2015,18.924
PRT,pil_reale_procapite,2016,19.351
PRT,pil_reale_procapite,2017,20.024
PRT,pil_reale_procapite,2018,20.625
PRT,pil_reale_procapite,2019,21.15
PRT,pil_reale_procapite,2020,19.358
PRT,pil_reale_procapite,2021,20.389
PRT,pil_reale_procapite,2022,21.686
PRT,pil_reale_procapite,2023,22.128
PRT,pil_reale_procapite,2024,22.371
PRT,pil_reale_procapite,2025,22.557
PRT,pil_reale_procapite,2026,22.803
PRT,pil_reale_procapite,2027,23.079
EU27,quota_salari,1995,57.817
EU27,quota_salari,1996,57.641
EU27,quota_salari,1997,57.067
EU27,quota_salari,1998,56.477
EU27,quota_salari,1999,56.498
EU27,quota_salari,2000,56.486
EU27,quota_salari,2001,56.201
EU27,quota_salari,2002,56.089
EU27,quota_salari,2003,56.033
EU27,quota_salari,2004,55.296
EU27,quota_salari,2005,54.938
EU27,quota_salari,2006,54.279
EU27,quota_salari,2007,53.757
EU27,quota_salari,2008,54.72
EU27,quota_salari,2009,56.426
EU27,quota_salari,2010,55.69
EU27,quota_salari,2011,55.326
EU27,quota_salari,2012,55.769
EU27,quota_salari,2013,55.789
EU27,quota_salari,2014,55.626
EU27,quota_salari,2015,55.147
EU27,quota_salari,2016,55.203
EU27,quota_salari,2017,55.077
EU27,quota_salari,2018,55.413
EU27,quota_salari,2019,55.511
EU27,quota_salari,2020,56.913
EU27,quota_salari,2021,55.534
EU27,quota_salari,2022,54.54
EU27,quota_salari,2023,54.78
EU27,quota_salari,2024,55.704
EU27,quota_salari,2025,56.132
EU27,quota_salari,2026,56.242
EU27,quota_salari,2027,56.182
EU15,quota_salari,1991,58.81
EU15,quota_salari,1992,59.119
EU15,quota_salari,1993,58.922
EU15,quota_salari,1994,57.537
EU15,quota_salari,1995,57.238
EU15,quota_salari,1996,56.876
EU15,quota_salari,1997,56.434
EU15,quota_salari,1998,55.831
EU15,quota_salari,1999,56.144
EU15,quota_salari,2000,56.236
EU15,quota_salari,2001,56.208
EU15,quota_salari,2002,56.084
EU15,quota_salari,2003,56.113
EU15,quota_salari,2004,55.766
EU15,quota_salari,2005,55.483
EU15,quota_salari,2006,55.066
EU15,quota_salari,2007,54.949
EU15,quota_salari,2008,55.52
EU15,quota_salari,2009,57.189
EU15,quota_salari,2010,56.502
EU15,quota_salari,2011,56.148
EU15,quota_salari,2012,56.494
EU15,quota_salari,2013,56.501
EU15,quota_salari,2014,56.247
EU15,quota_salari,2015,55.91
EU15,quota_salari,2016,55.932
EU15,quota_salari,2017,55.721
EU15,quota_salari,2018,56.024
EU15,quota_salari,2019,56.245
EU15,quota_salari,2020,57.893
EU15,quota_salari,2021,56.312
EU15,quota_salari,2022,55.2
EU15,quota_salari,2023,55.398
EU15,quota_salari,2024,56.147
EU15,quota_salari,2025,56.728
EU15,quota_salari,2026,56.769
EU15,quota_salari,2027,56.679
EA19,quota_salari,1995,58.367
EA19,quota_salari,1996,58.126
EA19,quota_salari,1997,57.52
EA19,quota_salari,1998,56.858
EA19,quota_salari,1999,56.902
EA19,quota_salari,2000,56.868
EA19,quota_salari,2001,56.419
EA19,quota_salari,2002,56.44
EA19,quota_salari,2003,56.398
EA19,quota_salari,2004,55.746
EA19,quota_salari,2005,55.371
EA19,quota_salari,2006,54.73
EA19,quota_salari,2007,54.185
EA19,quota_salari,2008,55.157
EA19,quota_salari,2009,56.983
EA19,quota_salari,2010,56.31
EA19,quota_salari,2011,55.986
EA19,quota_salari,2012,56.445
EA19,quota_salari,2013,56.466
EA19,quota_salari,2014,56.314
EA19,quota_salari,2015,55.893
EA19,quota_salari,2016,55.876
EA19,quota_salari,2017,55.723
EA19,quota_salari,2018,56.038
EA19,quota_salari,2019,56.194
EA19,quota_salari,2020,57.677
EA19,quota_salari,2021,56.345
EA19,quota_salari,2022,55.401
EA19,quota_salari,2023,55.489
EA19,quota_salari,2024,56.352
EA19,quota_salari,2025,56.862
EA19,quota_salari,2026,56.983
EA19,quota_salari,2027,56.913
BEL,quota_salari,1960,55.869
BEL,quota_salari,1961,54.719
BEL,quota_salari,1962,55.673
BEL,quota_salari,1963,56.044
BEL,quota_salari,1964,55.362
BEL,quota_salari,1965,55.629
BEL,quota_salari,1966,56.451
BEL,quota_salari,1967,56.394
BEL,quota_salari,1968,55.968
BEL,quota_salari,1969,55.522
BEL,quota_salari,1970,55.388
BEL,quota_salari,1971,57.516
BEL,quota_salari,1972,59.275
BEL,quota_salari,1973,59.931
BEL,quota_salari,1974,61.811
BEL,quota_salari,1975,63.93
BEL,quota_salari,1976,64.717
BEL,quota_salari,1977,64.914
BEL,quota_salari,1978,65.165
BEL,quota_salari,1979,64.846
BEL,quota_salari,1980,66.156
BEL,quota_salari,1981,66.282
BEL,quota_salari,1982,64.89
BEL,quota_salari,1983,64.235
BEL,quota_salari,1984,63.84
BEL,quota_salari,1985,63.221
BEL,quota_salari,1986,62.947
BEL,quota_salari,1987,62.132
BEL,quota_salari,1988,60.425
BEL,quota_salari,1989,59.768
BEL,quota_salari,1990,60.768
BEL,quota_salari,1991,62.53
BEL,quota_salari,1992,62.611
BEL,quota_salari,1993,63.188
BEL,quota_salari,1994,62.359
BEL,quota_salari,1995,61.743
BEL,quota_salari,1996,61.947
BEL,quota_salari,1997,61.47
BEL,quota_salari,1998,61.077
BEL,quota_salari,1999,61.511
BEL,quota_salari,2000,60.475
BEL,quota_salari,2001,61.634
BEL,quota_salari,2002,62.229
BEL,quota_salari,2003,61.62
BEL,quota_salari,2004,60.0
BEL,quota_salari,2005,59.305
BEL,quota_salari,2006,59.216
BEL,quota_salari,2007,58.976
BEL,quota_salari,2008,60.798
BEL,quota_salari,2009,62.091
BEL,quota_salari,2010,60.723
BEL,quota_salari,2011,60.856
BEL,quota_salari,2012,61.536
BEL,quota_salari,2013,61.798
BEL,quota_salari,2014,61.052
BEL,quota_salari,2015,60.109
BEL,quota_salari,2016,59.468
BEL,quota_salari,2017,59.443
BEL,quota_salari,2018,59.267
BEL,quota_salari,2019,58.893
BEL,quota_salari,2020,60.071
BEL,quota_salari,2021,58.748
BEL,quota_salari,2022,58.015
BEL,quota_salari,2023,58.659
BEL,quota_salari,2024,59.026
BEL,quota_salari,2025,59.076
BEL,quota_salari,2026,59.16
BEL,quota_salari,2027,59.043
DEU,quota_salari,1991,59.695
DEU,quota_salari,1992,60.476
DEU,quota_salari,1993,60.502
DEU,quota_salari,1994,59.565
DEU,quota_salari,1995,59.9
DEU,quota_salari,1996,59.658
DEU,quota_salari,1997,58.852
DEU,quota_salari,1998,58.478
DEU,quota_salari,1999,58.479
DEU,quota_salari,2000,59.223
DEU,quota_salari,2001,58.383
DEU,quota_salari,2002,58.139
DEU,quota_salari,2003,58.161
DEU,quota_salari,2004,57.262
DEU,quota_salari,2005,56.539
DEU,quota_salari,2006,55.251
DEU,quota_salari,2007,54.155
DEU,quota_salari,2008,55.163
DEU,quota_salari,2009,57.602
DEU,quota_salari,2010,56.582
DEU,quota_salari,2011,56.117
DEU,quota_salari,2012,57.198
DEU,quota_salari,2013,57.433
DEU,quota_salari,2014,57.315
DEU,quota_salari,2015,57.521
DEU,quota_salari,2016,57.622
DEU,quota_salari,2017,57.554
DEU,quota_salari,2018,58.387
DEU,quota_salari,2019,59.097
DEU,quota_salari,2020,60.306
DEU,quota_salari,2021,58.415
DEU,quota_salari,2022,56.986
DEU,quota_salari,2023,57.599
DEU,quota_salari,2024,59.091
DEU,quota_salari,2025,60.069
DEU,quota_salari,2026,60.306
DEU,quota_salari,2027,60.132
GRC,quota_salari,1960,75.58
GRC,quota_salari,1961,69.377
GRC,quota_salari,1962,69.715
GRC,quota_salari,1963,65.463
GRC,quota_salari,1964,64.71
GRC,quota_salari,1965,62.536
GRC,quota_salari,1966,62.511
GRC,quota_salari,1967,62.643
GRC,quota_salari,1968,62.47
GRC,quota_salari,1969,59.299
GRC,quota_salari,1970,57.001
GRC,quota_salari,1971,55.62
GRC,quota_salari,1972,54.374
GRC,quota_salari,1973,49.268
GRC,quota_salari,1974,51.21
GRC,quota_salari,1975,51.253
GRC,quota_salari,1976,51.371
GRC,quota_salari,1977,53.938
GRC,quota_salari,1978,54.635
GRC,quota_salari,1979,54.348
GRC,quota_salari,1980,53.104
GRC,quota_salari,1981,56.609
GRC,quota_salari,1982,56.756
GRC,quota_salari,1983,58.118
GRC,quota_salari,1984,56.337
GRC,quota_salari,1985,57.279
GRC,quota_salari,1986,53.887
GRC,quota_salari,1987,53.182
GRC,quota_salari,1988,53.345
GRC,quota_salari,1989,55.485
GRC,quota_salari,1990,54.932
GRC,quota_salari,1991,50.403
GRC,quota_salari,1992,49.328
GRC,quota_salari,1993,48.504
GRC,quota_salari,1994,48.335
GRC,quota_salari,1995,49.17
GRC,quota_salari,1996,48.898
GRC,quota_salari,1997,50.143
GRC,quota_salari,1998,50.896
GRC,quota_salari,1999,51.028
GRC,quota_salari,2000,50.832
GRC,quota_salari,2001,49.701
GRC,quota_salari,2002,52.041
GRC,quota_salari,2003,51.83
GRC,quota_salari,2004,51.024
GRC,quota_salari,2005,53.703
GRC,quota_salari,2006,51.881
GRC,quota_salari,2007,51.571
GRC,quota_salari,2008,51.852
GRC,quota_salari,2009,54.099
GRC,quota_salari,2010,54.355
GRC,quota_salari,2011,55.232
GRC,quota_salari,2012,55.831
GRC,quota_salari,2013,53.136
GRC,quota_salari,2014,53.231
GRC,quota_salari,2015,51.54
GRC,quota_salari,2016,51.607
GRC,quota_salari,2017,51.008
GRC,quota_salari,2018,50.592
GRC,quota_salari,2019,50.32
GRC,quota_salari,2020,53.943
GRC,quota_salari,2021,52.29
GRC,quota_salari,2022,49.233
GRC,quota_salari,2023,47.79
GRC,quota_salari,2024,48.421
GRC,quota_salari,2025,48.177
GRC,quota_salari,2026,48.054
GRC,quota_salari,2027,48.131
ESP,quota_salari,1960,61.304
ESP,quota_salari,1961,60.898
ESP,quota_salari,1962,61.219
ESP,quota_salari,1963,63.161
ESP,quota_salari,1964,63.91
ESP,quota_salari,1965,64.006
ESP,quota_salari,1966,65.449
ESP,quota_salari,1967,66.82
ESP,quota_salari,1968,64.944
ESP,quota_salari,1969,63.945
ESP,quota_salari,1970,63.752
ESP,quota_salari,1971,64.512
ESP,quota_salari,1972,64.918
ESP,quota_salari,1973,64.993
ESP,quota_salari,1974,64.815
ESP,quota_salari,1975,66.515
ESP,quota_salari,1976,67.466
ESP,quota_salari,1977,66.93
ESP,quota_salari,1978,67.05
ESP,quota_salari,1979,67.045
ESP,quota_salari,1980,66.344
ESP,quota_salari,1981,66.608
ESP,quota_salari,1982,65.299
ESP,quota_salari,1983,65.044
ESP,quota_salari,1984,62.141
ESP,quota_salari,1985,60.398
ESP,quota_salari,1986,59.112
ESP,quota_salari,1987,59.292
ESP,quota_salari,1988,59.233
ESP,quota_salari,1989,58.801
ESP,quota_salari,1990,60.324
ESP,quota_salari,1991,61.243
ESP,quota_salari,1992,62.356
ESP,quota_salari,1993,62.858
ESP,quota_salari,1994,60.986
ESP,quota_salari,1995,59.772
ESP,quota_salari,1996,59.292
ESP,quota_salari,1997,59.541
ESP,quota_salari,1998,59.458
ESP,quota_salari,1999,59.108
ESP,quota_salari,2000,58.828
ESP,quota_salari,2001,57.723
ESP,quota_salari,2002,57.263
ESP,quota_salari,2003,56.324
ESP,quota_salari,2004,56.013
ESP,quota_salari,2005,55.468
ESP,quota_salari,2006,55.212
ESP,quota_salari,2007,55.305
ESP,quota_salari,2008,57.277
ESP,quota_salari,2009,57.865
ESP,quota_salari,2010,57.295
ESP,quota_salari,2011,56.355
ESP,quota_salari,2012,55.006
ESP,quota_salari,2013,54.261
ESP,quota_salari,2014,54.235
ESP,quota_salari,2015,53.96
ESP,quota_salari,2016,53.326
ESP,quota_salari,2017,52.913
ESP,quota_salari,2018,53.076
ESP,quota_salari,2019,54.484
ESP,quota_salari,2020,58.268
ESP,quota_salari,2021,57.251
ESP,quota_salari,2022,55.843
ESP,quota_salari,2023,55.642
ESP,quota_salari,2024,55.909
ESP,quota_salari,2025,56.622
ESP,quota_salari,2026,56.955
ESP,quota_salari,2027,56.87
FRA,quota_salari,1960,61.923
FRA,quota_salari,1961,63.253
FRA,quota_salari,1962,63.237
FRA,quota_salari,1963,63.877
FRA,quota_salari,1964,63.506
FRA,quota_salari,1965,63.02
FRA,quota_salari,1966,62.176
FRA,quota_salari,1967,61.773
FRA,quota_salari,1968,63.278
FRA,quota_salari,1969,62.127
FRA,quota_salari,1970,62.329
FRA,quota_salari,1971,62.495
FRA,quota_salari,1972,62.021
FRA,quota_salari,1973,61.675
FRA,quota_salari,1974,62.789
FRA,quota_salari,1975,65.542
FRA,quota_salari,1976,65.599
FRA,quota_salari,1977,65.971
FRA,quota_salari,1978,65.516
FRA,quota_salari,1979,64.935
FRA,quota_salari,1980,65.586
FRA,quota_salari,1981,65.83
FRA,quota_salari,1982,65.479
FRA,quota_salari,1983,64.69
FRA,quota_salari,1984,63.731
FRA,quota_salari,1985,62.813
FRA,quota_salari,1986,61.168
FRA,quota_salari,1987,60.574
FRA,quota_salari,1988,59.019
FRA,quota_salari,1989,57.995
FRA,quota_salari,1990,58.348
FRA,quota_salari,1991,58.411
FRA,quota_salari,1992,58.224
FRA,quota_salari,1993,58.279
FRA,quota_salari,1994,57.254
FRA,quota_salari,1995,57.066
FRA,quota_salari,1996,56.878
FRA,quota_salari,1997,56.251
FRA,quota_salari,1998,55.642
FRA,quota_salari,1999,55.992
FRA,quota_salari,2000,55.784
FRA,quota_salari,2001,55.944
FRA,quota_salari,2002,56.416
FRA,quota_salari,2003,56.503
FRA,quota_salari,2004,55.968
FRA,quota_salari,2005,55.927
FRA,quota_salari,2006,55.646
FRA,quota_salari,2007,55.077
FRA,quota_salari,2008,55.278
FRA,quota_salari,2009,57.073
FRA,quota_salari,2010,56.933
FRA,quota_salari,2011,56.976
FRA,quota_salari,2012,57.734
FRA,quota_salari,2013,58.096
FRA,quota_salari,2014,58.261
FRA,quota_salari,2015,57.807
FRA,quota_salari,2016,58.064
FRA,quota_salari,2017,58.335
FRA,quota_salari,2018,58.191
FRA,quota_salari,2019,56.989
FRA,quota_salari,2020,57.656
FRA,quota_salari,2021,57.405
FRA,quota_salari,2022,58.243
FRA,quota_salari,2023,57.582
FRA,quota_salari,2024,57.93
FRA,quota_salari,2025,58.067
FRA,quota_salari,2026,57.855
FRA,quota_salari,2027,57.777
ITA,quota_salari,1960,68.23
ITA,quota_salari,1961,65.572
ITA,quota_salari,1962,65.308
ITA,quota_salari,1963,66.773
ITA,quota_salari,1964,67.268
ITA,quota_salari,1965,66.17
ITA,quota_salari,1966,64.343
ITA,quota_salari,1967,63.515
ITA,quota_salari,1968,62.737
ITA,quota_salari,1969,61.299
ITA,quota_salari,1970,62.688
ITA,quota_salari,1971,65.222
ITA,quota_salari,1972,65.067
ITA,quota_salari,1973,64.681
ITA,quota_salari,1974,63.926
ITA,quota_salari,1975,67.19
ITA,quota_salari,1976,65.714
ITA,quota_salari,1977,65.779
ITA,quota_salari,1978,65.212
ITA,quota_salari,1979,64.653
ITA,quota_salari,1980,64.032
ITA,quota_salari,1981,65.195
ITA,quota_salari,1982,64.4
ITA,quota_salari,1983,64.159
ITA,quota_salari,1984,62.682
ITA,quota_salari,1985,61.944
ITA,quota_salari,1986,60.52
ITA,quota_salari,1987,59.801
ITA,quota_salari,1988,58.825
ITA,quota_salari,1989,58.48
ITA,quota_salari,1990,59.0
ITA,quota_salari,1991,59.183
ITA,quota_salari,1992,58.791
ITA,quota_salari,1993,57.686
ITA,quota_salari,1994,55.759
ITA,quota_salari,1995,53.79
ITA,quota_salari,1996,54.386
ITA,quota_salari,1997,54.503
ITA,quota_salari,1998,52.156
ITA,quota_salari,1999,52.185
ITA,quota_salari,2000,51.424
ITA,quota_salari,2001,51.395
ITA,quota_salari,2002,51.611
ITA,quota_salari,2003,52.184
ITA,quota_salari,2004,52.122
ITA,quota_salari,2005,52.243
ITA,quota_salari,2006,52.336
ITA,quota_salari,2007,52.108
ITA,quota_salari,2008,52.963
ITA,quota_salari,2009,54.305
ITA,quota_salari,2010,54.098
ITA,quota_salari,2011,53.489
ITA,quota_salari,2012,53.458
ITA,quota_salari,2013,53.298
ITA,quota_salari,2014,52.958
ITA,quota_salari,2015,52.98
ITA,quota_salari,2016,52.577
ITA,quota_salari,2017,52.248
ITA,quota_salari,2018,52.631
ITA,quota_salari,2019,52.855
ITA,quota_salari,2020,53.678
ITA,quota_salari,2021,52.457
ITA,quota_salari,2022,51.138
ITA,quota_salari,2023,49.957
ITA,quota_salari,2024,51.131
ITA,quota_salari,2025,51.904
ITA,quota_salari,2026,52.129
ITA,quota_salari,2027,52.277
NLD,quota_salari,1960,58.131
NLD,quota_salari,1961,60.015
NLD,quota_salari,1962,60.743
NLD,quota_salari,1963,62.068
NLD,quota_salari,1964,62.542
NLD,quota_salari,1965,63.074
NLD,quota_salari,1966,64.841
NLD,quota_salari,1967,64.365
NLD,quota_salari,1968,63.639
NLD,quota_salari,1969,64.659
NLD,quota_salari,1970,65.813
NLD,quota_salari,1971,66.579
NLD,quota_salari,1972,66.729
NLD,quota_salari,1973,67.506
NLD,quota_salari,1974,67.124
NLD,quota_salari,1975,70.244
NLD,quota_salari,1976,68.433
NLD,quota_salari,1977,69.022
NLD,quota_salari,1978,69.061
NLD,quota_salari,1979,69.509
NLD,quota_salari,1980,68.688
NLD,quota_salari,1981,66.74
NLD,quota_salari,1982,66.822
NLD,quota_salari,1983,65.64
NLD,quota_salari,1984,62.598
NLD,quota_salari,1985,62.777
NLD,quota_salari,1986,63.544
NLD,quota_salari,1987,65.152
NLD,quota_salari,1988,64.077
NLD,quota_salari,1989,62.271
NLD,quota_salari,1990,62.279
NLD,quota_salari,1991,62.507
NLD,quota_salari,1992,63.564
NLD,quota_salari,1993,63.76
NLD,quota_salari,1994,62.355
NLD,quota_salari,1995,61.284
NLD,quota_salari,1996,60.659
NLD,quota_salari,1997,59.684
NLD,quota_salari,1998,59.257
NLD,quota_salari,1999,59.469
NLD,quota_salari,2000,59.302
NLD,quota_salari,2001,58.289
NLD,quota_salari,2002,58.751
NLD,quota_salari,2003,58.885
NLD,quota_salari,2004,58.115
NLD,quota_salari,2005,56.84
NLD,quota_salari,2006,55.46
NLD,quota_salari,2007,55.379
NLD,quota_salari,2008,55.993
NLD,quota_salari,2009,58.784
NLD,quota_salari,2010,57.614
NLD,quota_salari,2011,58.027
NLD,quota_salari,2012,58.828
NLD,quota_salari,2013,58.534
NLD,quota_salari,2014,58.3
NLD,quota_salari,2015,56.944
NLD,quota_salari,2016,57.218
NLD,quota_salari,2017,56.649
NLD,quota_salari,2018,56.729
NLD,quota_salari,2019,56.734
NLD,quota_salari,2020,59.726
NLD,quota_salari,2021,57.177
NLD,quota_salari,2022,54.868
NLD,quota_salari,2023,56.059
NLD,quota_salari,2024,56.483
NLD,quota_salari,2025,56.534
NLD,quota_salari,2026,56.387
NLD,quota_salari,2027,56.533
PRT,quota_salari,1960,64.15
PRT,quota_salari,1961,66.888
PRT,quota_salari,1962,63.125
PRT,quota_salari,1963,66.784
PRT,quota_salari,1964,67.523
PRT,quota_salari,1965,65.022
PRT,quota_salari,1966,67.573
PRT,quota_salari,1967,69.372
PRT,quota_salari,1968,69.551
PRT,quota_salari,1969,72.091
PRT,quota_salari,1970,73.238
PRT,quota_salari,1971,72.101
PRT,quota_salari,1972,71.549
PRT,quota_salari,1973,71.244
PRT,quota_salari,1974,78.71
PRT,quota_salari,1975,88.427
PRT,quota_salari,1976,86.983
PRT,quota_salari,1977,81.003
PRT,quota_salari,1978,75.35
PRT,quota_salari,1979,70.092
PRT,quota_salari,1980,67.316
PRT,quota_salari,1981,68.693
PRT,quota_salari,1982,68.727
PRT,quota_salari,1983,63.29
PRT,quota_salari,1984,58.489
PRT,quota_salari,1985,58.316
PRT,quota_salari,1986,56.259
PRT,quota_salari,1987,56.525
PRT,quota_salari,1988,54.773
PRT,quota_salari,1989,55.943
PRT,quota_salari,1990,55.524
PRT,quota_salari,1991,58.07
PRT,quota_salari,1992,60.328
PRT,quota_salari,1993,60.636
PRT,quota_salari,1994,58.272
PRT,quota_salari,1995,58.998
PRT,quota_salari,1996,60.068
PRT,quota_salari,1997,60.078
PRT,quota_salari,1998,60.083
PRT,quota_salari,1999,59.727
PRT,quota_salari,2000,60.249
PRT,quota_salari,2001,60.401
PRT,quota_salari,2002,59.809
PRT,quota_salari,2003,59.642
PRT,quota_salari,2004,58.675
PRT,quota_salari,2005,58.718
PRT,quota_salari,2006,57.25
PRT,quota_salari,2007,56.118
PRT,quota_salari,2008,56.634
PRT,quota_salari,2009,57.597
PRT,quota_salari,2010,56.756
PRT,quota_salari,2011,55.803
PRT,quota_salari,2012,54.323
PRT,quota_salari,2013,53.921
PRT,quota_salari,2014,52.949
PRT,quota_salari,2015,52.013
PRT,quota_salari,2016,51.511
PRT,quota_salari,2017,51.803
PRT,quota_salari,2018,52.784
PRT,quota_salari,2019,53.527
PRT,quota_salari,2020,57.001
PRT,quota_salari,2021,56.831
PRT,quota_salari,2022,55.233
PRT,quota_salari,2023,55.575
PRT,quota_salari,2024,56.143
PRT,quota_salari,2025,56.863
PRT,quota_salari,2026,57.357
PRT,quota_salari,2027,57.437
