paese,serie,anno,valore
DNK,pil_pc,1960,125.4545
DNK,pil_pc,1961,132.5285
DNK,pil_pc,1962,138.9528
DNK,pil_pc,1963,138.7408
DNK,pil_pc,1964,150.3951
DNK,pil_pc,1965,156.0254
DNK,pil_pc,1966,159.0201
DNK,pil_pc,1967,166.9481
DNK,pil_pc,1968,175.4456
DNK,pil_pc,1969,186.4526
DNK,pil_pc,1970,187.66
DNK,pil_pc,1971,192.6268
DNK,pil_pc,1972,198.8016
DNK,pil_pc,1973,206.9296
DNK,pil_pc,1974,203.9821
DNK,pil_pc,1975,200.5275
DNK,pil_pc,1976,212.0121
DNK,pil_pc,1977,215.5187
DNK,pil_pc,1978,220.0468
DNK,pil_pc,1979,228.3919
DNK,pil_pc,1980,226.3811
DNK,pil_pc,1981,224.8212
DNK,pil_pc,1982,233.7235
DNK,pil_pc,1983,240.1231
DNK,pil_pc,1984,250.6835
DNK,pil_pc,1985,261.0088
DNK,pil_pc,1986,273.0137
DNK,pil_pc,1987,273.8556
DNK,pil_pc,1988,274.4794
DNK,pil_pc,1989,276.2799
DNK,pil_pc,1990,280.4074
DNK,pil_pc,1991,283.7345
DNK,pil_pc,1992,288.5245
DNK,pil_pc,1993,287.2813
DNK,pil_pc,1994,301.5459
DNK,pil_pc,1995,309.2373
DNK,pil_pc,1996,316.2505
DNK,pil_pc,1997,324.8849
DNK,pil_pc,1998,331.2942
DNK,pil_pc,1999,340.0162
DNK,pil_pc,2000,351.4913
DNK,pil_pc,2001,353.5854
DNK,pil_pc,2002,353.9911
DNK,pil_pc,2003,354.6328
DNK,pil_pc,2004,363.5667
DNK,pil_pc,2005,371.0795
DNK,pil_pc,2006,383.9521
DNK,pil_pc,2007,386.0637
DNK,pil_pc,2008,382.1902
DNK,pil_pc,2009,361.2146
DNK,pil_pc,2010,365.2938
DNK,pil_pc,2011,368.564
DNK,pil_pc,2012,367.1886
DNK,pil_pc,2013,370.8107
DNK,pil_pc,2014,373.5473
DNK,pil_pc,2015,378.7838
DNK,pil_pc,2016,387.2686
DNK,pil_pc,2017,396.589
DNK,pil_pc,2018,401.9596
DNK,pil_pc,2019,407.2173
DNK,pil_pc,2020,399.093
DNK,pil_pc,2021,423.2403
DNK,pil_pc,2022,421.3782
DNK,pil_pc,2023,420.9609
DNK,pil_pc,2024,433.5008
DNK,pil_pc,2025,443.8954
DNK,pil_pc,2026,450.8427
DNK,pil_pc,2027,457.2829
ITA,pil_pc,1960,9.1519
ITA,pil_pc,1961,9.8606
ITA,pil_pc,1962,10.4779
ITA,pil_pc,1963,11.0484
ITA,pil_pc,1964,11.3918
ITA,pil_pc,1965,11.8164
ITA,pil_pc,1966,12.5084
ITA,pil_pc,1967,13.3762
ITA,pil_pc,1968,14.2649
ITA,pil_pc,1969,15.1198
ITA,pil_pc,1970,15.9478
ITA,pil_pc,1971,16.1299
ITA,pil_pc,1972,16.588
ITA,pil_pc,1973,17.583
ITA,pil_pc,1974,18.3504
ITA,pil_pc,1975,17.8011
ITA,pil_pc,1976,18.8904
ITA,pil_pc,1977,19.222
ITA,pil_pc,1978,19.7089
ITA,pil_pc,1979,20.7443
ITA,pil_pc,1980,21.3432
ITA,pil_pc,1981,21.4363
ITA,pil_pc,1982,21.4537
ITA,pil_pc,1983,21.6443
ITA,pil_pc,1984,22.2914
ITA,pil_pc,1985,22.8691
ITA,pil_pc,1986,23.4875
ITA,pil_pc,1987,24.2054
ITA,pil_pc,1988,25.1685
ITA,pil_pc,1989,25.9676
ITA,pil_pc,1990,26.4602
ITA,pil_pc,1991,26.8224
ITA,pil_pc,1992,26.998
ITA,pil_pc,1993,26.7562
ITA,pil_pc,1994,27.3056
ITA,pil_pc,1995,28.0377
ITA,pil_pc,1996,28.407
ITA,pil_pc,1997,28.9387
ITA,pil_pc,1998,29.4524
ITA,pil_pc,1999,29.9416
ITA,pil_pc,2000,31.0898
ITA,pil_pc,2001,31.6926
ITA,pil_pc,2002,31.717
ITA,pil_pc,2003,31.567
ITA,pil_pc,2004,31.7947
ITA,pil_pc,2005,31.8506
ITA,pil_pc,2006,32.2943
ITA,pil_pc,2007,32.5678
ITA,pil_pc,2008,31.9869
ITA,pil_pc,2009,30.1149
ITA,pil_pc,2010,30.4405
ITA,pil_pc,2011,30.5463
ITA,pil_pc,2012,29.5108
ITA,pil_pc,2013,28.9164
ITA,pil_pc,2014,28.9117
ITA,pil_pc,2015,29.2118
ITA,pil_pc,2016,29.6293
ITA,pil_pc,2017,30.1611
ITA,pil_pc,2018,30.4739
ITA,pil_pc,2019,30.6806
ITA,pil_pc,2020,28.0963
ITA,pil_pc,2021,30.7638
ITA,pil_pc,2022,32.3123
ITA,pil_pc,2023,32.6268
ITA,pil_pc,2024,32.8972
ITA,pil_pc,2025,33.0804
ITA,pil_pc,2026,33.2683
ITA,pil_pc,2027,33.4864
SWE,pil_pc,1960,157.2417
SWE,pil_pc,1961,165.4233
SWE,pil_pc,1962,171.5876
SWE,pil_pc,1963,179.6661
SWE,pil_pc,1964,190.4553
SWE,pil_pc,1965,195.8393
SWE,pil_pc,1966,198.0582
SWE,pil_pc,1967,203.227
SWE,pil_pc,1968,209.3633
SWE,pil_pc,1969,218.292
SWE,pil_pc,1970,230.321
SWE,pil_pc,1971,230.8002
SWE,pil_pc,1972,235.4119
SWE,pil_pc,1973,244.4067
SWE,pil_pc,1974,251.497
SWE,pil_pc,1975,257.0128
SWE,pil_pc,1976,258.8966
SWE,pil_pc,1977,253.8511
SWE,pil_pc,1978,257.6692
SWE,pil_pc,1979,266.8776
SWE,pil_pc,1980,273.1429
SWE,pil_pc,1981,272.2601
SWE,pil_pc,1982,275.4941
SWE,pil_pc,1983,280.5955
SWE,pil_pc,1984,292.1827
SWE,pil_pc,1985,298.0302
SWE,pil_pc,1986,305.3199
SWE,pil_pc,1987,314.5077
SWE,pil_pc,1988,321.1031
SWE,pil_pc,1989,327.4155
SWE,pil_pc,1990,327.3426
SWE,pil_pc,1991,321.4133
SWE,pil_pc,1992,315.8202
SWE,pil_pc,1993,307.6462
SWE,pil_pc,1994,317.4235
SWE,pil_pc,1995,328.7548
SWE,pil_pc,1996,333.8865
SWE,pil_pc,1997,343.9451
SWE,pil_pc,1998,358.3459
SWE,pil_pc,1999,373.158
SWE,pil_pc,2000,389.8342
SWE,pil_pc,2001,394.0066
SWE,pil_pc,2002,401.6267
SWE,pil_pc,2003,407.7653
SWE,pil_pc,2004,423.1196
SWE,pil_pc,2005,433.3358
SWE,pil_pc,2006,450.7774
SWE,pil_pc,2007,462.1219
SWE,pil_pc,2008,454.2748
SWE,pil_pc,2009,431.2747
SWE,pil_pc,2010,452.1609
SWE,pil_pc,2011,462.9222
SWE,pil_pc,2012,457.6882
SWE,pil_pc,2013,458.9553
SWE,pil_pc,2014,464.7432
SWE,pil_pc,2015,480.0796
SWE,pil_pc,2016,484.5625
SWE,pil_pc,2017,486.703
SWE,pil_pc,2018,489.5986
SWE,pil_pc,2019,497.0508
SWE,pil_pc,2020,484.1729
SWE,pil_pc,2021,506.4244
SWE,pil_pc,2022,507.3573
SWE,pil_pc,2023,502.8717
SWE,pil_pc,2024,506.4818
SWE,pil_pc,2025,512.2191
SWE,pil_pc,2026,520.1957
SWE,pil_pc,2027,530.9542
GBR,pil_pc,1960,11.3387
GBR,pil_pc,1961,11.549
GBR,pil_pc,1962,11.5697
GBR,pil_pc,1963,12.0566
GBR,pil_pc,1964,12.6448
GBR,pil_pc,1965,12.8289
GBR,pil_pc,1966,12.9601
GBR,pil_pc,1967,13.2433
GBR,pil_pc,1968,13.9035
GBR,pil_pc,1969,14.11
GBR,pil_pc,1970,14.4476
GBR,pil_pc,1971,14.8748
GBR,pil_pc,1972,15.4709
GBR,pil_pc,1973,16.4433
GBR,pil_pc,1974,16.0311
GBR,pil_pc,1975,15.7976
GBR,pil_pc,1976,16.2603
GBR,pil_pc,1977,16.6676
GBR,pil_pc,1978,17.3721
GBR,pil_pc,1979,18.0035
GBR,pil_pc,1980,17.6096
GBR,pil_pc,1981,17.4622
GBR,pil_pc,1982,17.8318
GBR,pil_pc,1983,18.5763
GBR,pil_pc,1984,18.9665
GBR,pil_pc,1985,19.7025
GBR,pil_pc,1986,20.2766
GBR,pil_pc,1987,21.3249
GBR,pil_pc,1988,22.503
GBR,pil_pc,1989,23.0179
GBR,pil_pc,1990,23.1216
GBR,pil_pc,1991,22.7865
GBR,pil_pc,1992,22.8199
GBR,pil_pc,1993,23.3358
GBR,pil_pc,1994,24.1713
GBR,pil_pc,1995,24.7135
GBR,pil_pc,1996,25.2685
GBR,pil_pc,1997,26.4575
GBR,pil_pc,1998,27.2414
GBR,pil_pc,1999,27.9434
GBR,pil_pc,2000,29.1076
GBR,pil_pc,2001,29.6892
GBR,pil_pc,2002,30.068
GBR,pil_pc,2003,30.8948
GBR,pil_pc,2004,31.448
GBR,pil_pc,2005,32.0779
GBR,pil_pc,2006,32.5574
GBR,pil_pc,2007,33.2427
GBR,pil_pc,2008,32.955
GBR,pil_pc,2009,31.2227
GBR,pil_pc,2010,31.6746
GBR,pil_pc,2011,31.679
GBR,pil_pc,2012,31.9483
GBR,pil_pc,2013,32.2807
GBR,pil_pc,2014,33.0532
GBR,pil_pc,2015,33.5178
GBR,pil_pc,2016,33.9864
GBR,pil_pc,2017,34.8236
GBR,pil_pc,2018,35.1918
GBR,pil_pc,2019,35.4517
GBR,pil_pc,2020,31.8358
GBR,pil_pc,2021,34.4328
GBR,pil_pc,2022,35.8536
GBR,pil_pc,2023,35.4841
GBR,pil_pc,2024,35.4764
GBR,pil_pc,2025,35.8624
GBR,pil_pc,2026,35.8799
GBR,pil_pc,2027,36.0459
ISL,pil_pc,1960,2185.3434
ISL,pil_pc,1961,2141.378
ISL,pil_pc,1962,2276.7868
ISL,pil_pc,1963,2466.6252
ISL,pil_pc,1964,2663.4577
ISL,pil_pc,1965,2808.5252
ISL,pil_pc,1966,3002.6055
ISL,pil_pc,1967,2917.0753
ISL,pil_pc,1968,2719.9226
ISL,pil_pc,1969,2758.7536
ISL,pil_pc,1970,2949.0265
ISL,pil_pc,1971,3307.3457
ISL,pil_pc,1972,3460.6234
ISL,pil_pc,1973,3640.7853
ISL,pil_pc,1974,3796.8317
ISL,pil_pc,1975,3772.8046
ISL,pil_pc,1976,3958.1355
ISL,pil_pc,1977,4275.3874
ISL,pil_pc,1978,4497.3845
ISL,pil_pc,1979,4670.0634
ISL,pil_pc,1980,4886.4888
ISL,pil_pc,1981,5037.1161
ISL,pil_pc,1982,5077.3239
ISL,pil_pc,1983,4902.7565
ISL,pil_pc,1984,5051.1738
ISL,pil_pc,1985,5176.5761
ISL,pil_pc,1986,5461.0105
ISL,pil_pc,1987,5863.1141
ISL,pil_pc,1988,5766.8213
ISL,pil_pc,1989,5710.566
ISL,pil_pc,1990,5732.6011
ISL,pil_pc,1991,5653.8691
ISL,pil_pc,1992,5394.8918
ISL,pil_pc,1993,5410.4457
ISL,pil_pc,1994,5557.3188
ISL,pil_pc,1995,5533.6977
ISL,pil_pc,1996,5766.143
ISL,pil_pc,1997,6004.7827
ISL,pil_pc,1998,6353.0469
ISL,pil_pc,1999,6519.7854
ISL,pil_pc,2000,6747.1658
ISL,pil_pc,2001,6912.9028
ISL,pil_pc,2002,6889.9524
ISL,pil_pc,2003,6998.4528
ISL,pil_pc,2004,7464.8751
ISL,pil_pc,2005,7865.7368
ISL,pil_pc,2006,8117.5976
ISL,pil_pc,2007,8606.2207
ISL,pil_pc,2008,8592.5545
ISL,pil_pc,2009,7850.3216
ISL,pil_pc,2010,7768.5882
ISL,pil_pc,2011,7931.24
ISL,pil_pc,2012,7972.954
ISL,pil_pc,2013,8173.9696
ISL,pil_pc,2014,8237.0955
ISL,pil_pc,2015,8465.8621
ISL,pil_pc,2016,8861.202
ISL,pil_pc,2017,8952.5285
ISL,pil_pc,2018,9139.4696
ISL,pil_pc,2019,9085.847
ISL,pil_pc,2020,8377.2376
ISL,pil_pc,2021,8679.6429
ISL,pil_pc,2022,9231.4251
ISL,pil_pc,2023,9455.8106
ISL,pil_pc,2024,9163.0738
ISL,pil_pc,2025,9152.4708
ISL,pil_pc,2026,9159.69
ISL,pil_pc,2027,9197.9006
NOR,pil_pc,1960,163.6627
NOR,pil_pc,1961,172.5558
NOR,pil_pc,1962,175.9913
NOR,pil_pc,1963,181.2773
NOR,pil_pc,1964,188.9247
NOR,pil_pc,1965,197.3694
NOR,pil_pc,1966,203.2134
NOR,pil_pc,1967,214.1282
NOR,pil_pc,1968,217.1342
NOR,pil_pc,1969,225.0738
NOR,pil_pc,1970,227.8966
NOR,pil_pc,1971,239.2538
NOR,pil_pc,1972,249.975
NOR,pil_pc,1973,259.353
NOR,pil_pc,1974,268.0112
NOR,pil_pc,1975,279.7281
NOR,pil_pc,1976,294.6937
NOR,pil_pc,1977,305.6384
NOR,pil_pc,1978,316.1717
NOR,pil_pc,1979,328.7949
NOR,pil_pc,1980,342.5853
NOR,pil_pc,1981,347.1316
NOR,pil_pc,1982,346.7047
NOR,pil_pc,1983,359.2333
NOR,pil_pc,1984,379.9539
NOR,pil_pc,1985,399.828
NOR,pil_pc,1986,414.6143
NOR,pil_pc,1987,419.8311
NOR,pil_pc,1988,416.2585
NOR,pil_pc,1989,418.7532
NOR,pil_pc,1990,425.5471
NOR,pil_pc,1991,435.5554
NOR,pil_pc,1992,448.5534
NOR,pil_pc,1993,458.6585
NOR,pil_pc,1994,478.9947
NOR,pil_pc,1995,496.369
NOR,pil_pc,1996,518.4194
NOR,pil_pc,1997,541.8495
NOR,pil_pc,1998,553.3536
NOR,pil_pc,1999,561.5029
NOR,pil_pc,2000,577.0873
NOR,pil_pc,2001,586.5678
NOR,pil_pc,2002,591.9699
NOR,pil_pc,2003,594.9203
NOR,pil_pc,2004,617.0318
NOR,pil_pc,2005,631.0954
NOR,pil_pc,2006,643.7729
NOR,pil_pc,2007,659.0052
NOR,pil_pc,2008,656.2057
NOR,pil_pc,2009,637.464
NOR,pil_pc,2010,635.9681
NOR,pil_pc,2011,636.445
NOR,pil_pc,2012,645.8124
NOR,pil_pc,2013,646.1795
NOR,pil_pc,2014,652.3981
NOR,pil_pc,2015,658.9366
NOR,pil_pc,2016,661.5835
NOR,pil_pc,2017,673.968
NOR,pil_pc,2018,676.9616
NOR,pil_pc,2019,682.2872
NOR,pil_pc,2020,669.1255
NOR,pil_pc,2021,693.1117
NOR,pil_pc,2022,714.9158
NOR,pil_pc,2023,709.2491
NOR,pil_pc,2024,712.6337
NOR,pil_pc,2025,715.6158
NOR,pil_pc,2026,721.4678
NOR,pil_pc,2027,722.9385
CHE,pil_pc,1960,38.3606
CHE,pil_pc,1961,40.7539
CHE,pil_pc,1962,41.7257
CHE,pil_pc,1963,42.8706
CHE,pil_pc,1964,44.317
CHE,pil_pc,1965,45.1449
CHE,pil_pc,1966,45.757
CHE,pil_pc,1967,46.5479
CHE,pil_pc,1968,47.6645
CHE,pil_pc,1969,49.7713
CHE,pil_pc,1970,51.8132
CHE,pil_pc,1971,53.3017
CHE,pil_pc,1972,54.5084
CHE,pil_pc,1973,55.8246
CHE,pil_pc,1974,56.4711
CHE,pil_pc,1975,52.8202
CHE,pil_pc,1976,52.656
CHE,pil_pc,1977,54.0818
CHE,pil_pc,1978,54.1641
CHE,pil_pc,1979,55.3546
CHE,pil_pc,1980,57.5898
CHE,pil_pc,1981,58.1121
CHE,pil_pc,1982,57.0135
CHE,pil_pc,1983,57.2474
CHE,pil_pc,1984,58.7596
CHE,pil_pc,1985,60.6556
CHE,pil_pc,1986,61.4105
CHE,pil_pc,1987,61.95
CHE,pil_pc,1988,63.4767
CHE,pil_pc,1989,65.7184
CHE,pil_pc,1990,67.3991
CHE,pil_pc,1991,65.9683
CHE,pil_pc,1992,65.341
CHE,pil_pc,1993,64.8314
CHE,pil_pc,1994,65.2069
CHE,pil_pc,1995,64.939
CHE,pil_pc,1996,65.0076
CHE,pil_pc,1997,66.1775
CHE,pil_pc,1998,67.789
CHE,pil_pc,1999,68.565
CHE,pil_pc,2000,70.6854
CHE,pil_pc,2001,71.4573
CHE,pil_pc,2002,71.2201
CHE,pil_pc,2003,70.5041
CHE,pil_pc,2004,71.8476
CHE,pil_pc,2005,73.5325
CHE,pil_pc,2006,76.0975
CHE,pil_pc,2007,78.4264
CHE,pil_pc,2008,79.4683
CHE,pil_pc,2009,77.0582
CHE,pil_pc,2010,78.9627
CHE,pil_pc,2011,79.3623
CHE,pil_pc,2012,79.3866
CHE,pil_pc,2013,79.912
CHE,pil_pc,2014,80.95
CHE,pil_pc,2015,81.1245
CHE,pil_pc,2016,81.7917
CHE,pil_pc,2017,82.1875
CHE,pil_pc,2018,84.315
CHE,pil_pc,2019,84.6468
CHE,pil_pc,2020,82.1178
CHE,pil_pc,2021,86.55
CHE,pil_pc,2022,88.8528
CHE,pil_pc,2023,88.2503
CHE,pil_pc,2024,88.4798
CHE,pil_pc,2025,89.0098
CHE,pil_pc,2026,89.3853
CHE,pil_pc,2027,89.6756
AUS,pil_pc,1960,27.8547
AUS,pil_pc,1961,27.6679
AUS,pil_pc,1962,28.8427
AUS,pil_pc,1963,30.2814
AUS,pil_pc,1964,31.4536
AUS,pil_pc,1965,31.4994
AUS,pil_pc,1966,32.6804
AUS,pil_pc,1967,33.4663
AUS,pil_pc,1968,34.9026
AUS,pil_pc,1969,36.5043
AUS,pil_pc,1970,37.1531
AUS,pil_pc,1971,37.8929
AUS,pil_pc,1972,38.263
AUS,pil_pc,1973,39.2744
AUS,pil_pc,1974,39.2886
AUS,pil_pc,1975,39.8124
AUS,pil_pc,1976,40.761
AUS,pil_pc,1977,40.6684
AUS,pil_pc,1978,41.8512
AUS,pil_pc,1979,42.6327
AUS,pil_pc,1980,43.5287
AUS,pil_pc,1981,44.4036
AUS,pil_pc,1982,42.8306
AUS,pil_pc,1983,44.1507
AUS,pil_pc,1984,45.7927
AUS,pil_pc,1985,46.8768
AUS,pil_pc,1986,47.3038
AUS,pil_pc,1987,49.2633
AUS,pil_pc,1988,50.316
AUS,pil_pc,1989,51.2758
AUS,pil_pc,1990,50.3505
AUS,pil_pc,1991,49.9276
AUS,pil_pc,1992,51.3827
AUS,pil_pc,1993,52.938
AUS,pil_pc,1994,54.4706
AUS,pil_pc,1995,55.9426
AUS,pil_pc,1996,57.4388
AUS,pil_pc,1997,59.4908
AUS,pil_pc,1998,61.8505
AUS,pil_pc,1999,63.5686
AUS,pil_pc,2000,64.1174
AUS,pil_pc,2001,65.8099
AUS,pil_pc,2002,67.0736
AUS,pil_pc,2003,69.1113
AUS,pil_pc,2004,70.5204
AUS,pil_pc,2005,71.5807
AUS,pil_pc,2006,73.2432
AUS,pil_pc,2007,74.5416
AUS,pil_pc,2008,74.4574
AUS,pil_pc,2009,74.6083
AUS,pil_pc,2010,75.2477
AUS,pil_pc,2011,77.0942
AUS,pil_pc,2012,77.7752
AUS,pil_pc,2013,78.4614
AUS,pil_pc,2014,78.9702
AUS,pil_pc,2015,79.9857
AUS,pil_pc,2016,80.5322
AUS,pil_pc,2017,81.5217
AUS,pil_pc,2018,82.0567
AUS,pil_pc,2019,80.7371
AUS,pil_pc,2020,81.5681
AUS,pil_pc,2021,84.809
AUS,pil_pc,2022,86.4989
AUS,pil_pc,2023,85.604
AUS,pil_pc,2024,85.14
CAN,pil_pc,1960,20.9985
CAN,pil_pc,1961,21.2201
CAN,pil_pc,1962,22.2471
CAN,pil_pc,1963,22.9524
CAN,pil_pc,1964,24.0003
CAN,pil_pc,1965,25.0881
CAN,pil_pc,1966,26.2463
CAN,pil_pc,1967,26.544
CAN,pil_pc,1968,27.5202
CAN,pil_pc,1969,28.5689
CAN,pil_pc,1970,28.9129
CAN,pil_pc,1971,29.7171
CAN,pil_pc,1972,30.9738
CAN,pil_pc,1973,32.7283
CAN,pil_pc,1974,33.4659
CAN,pil_pc,1975,33.5822
CAN,pil_pc,1976,34.8664
CAN,pil_pc,1977,35.6525
CAN,pil_pc,1978,36.695
CAN,pil_pc,1979,37.7161
CAN,pil_pc,1980,38.038
CAN,pil_pc,1981,38.8879
CAN,pil_pc,1982,37.2114
CAN,pil_pc,1983,37.7894
CAN,pil_pc,1984,39.6424
CAN,pil_pc,1985,41.1429
CAN,pil_pc,1986,41.6001
CAN,pil_pc,1987,42.7272
CAN,pil_pc,1988,44.0371
CAN,pil_pc,1989,44.265
CAN,pil_pc,1990,43.6911
CAN,pil_pc,1991,42.2492
CAN,pil_pc,1992,42.1238
CAN,pil_pc,1993,42.7708
CAN,pil_pc,1994,44.206
CAN,pil_pc,1995,44.9245
CAN,pil_pc,1996,45.2082
CAN,pil_pc,1997,46.677
CAN,pil_pc,1998,48.0933
CAN,pil_pc,1999,50.1565
CAN,pil_pc,2000,52.245
CAN,pil_pc,2001,52.6496
CAN,pil_pc,2002,53.6436
CAN,pil_pc,2003,54.1237
CAN,pil_pc,2004,55.2797
CAN,pil_pc,2005,56.5166
CAN,pil_pc,2006,57.4225
CAN,pil_pc,2007,58.0336
CAN,pil_pc,2008,57.9794
CAN,pil_pc,2009,55.6486
CAN,pil_pc,2010,56.7346
CAN,pil_pc,2011,57.9464
CAN,pil_pc,2012,58.3282
CAN,pil_pc,2013,59.0594
CAN,pil_pc,2014,60.1511
CAN,pil_pc,2015,60.0835
CAN,pil_pc,2016,60.0244
CAN,pil_pc,2017,61.1106
CAN,pil_pc,2018,61.8933
CAN,pil_pc,2019,62.1593
CAN,pil_pc,2020,58.3909
CAN,pil_pc,2021,61.5238
CAN,pil_pc,2022,63.261
CAN,pil_pc,2023,62.6501
CAN,pil_pc,2024,62.0661
JPN,pil_pc,1960,742.0762
JPN,pil_pc,1961,822.2476
JPN,pil_pc,1962,884.5333
JPN,pil_pc,1963,952.9657
JPN,pil_pc,1964,1048.7904
JPN,pil_pc,1965,1096.2748
JPN,pil_pc,1966,1194.6926
JPN,pil_pc,1967,1310.988
JPN,pil_pc,1968,1448.4296
JPN,pil_pc,1969,1600.0742
JPN,pil_pc,1970,1740.4877
JPN,pil_pc,1971,1791.279
JPN,pil_pc,1972,1914.0802
JPN,pil_pc,1973,2038.4586
JPN,pil_pc,1974,1986.3303
JPN,pil_pc,1975,2022.367
JPN,pil_pc,1976,2079.3219
JPN,pil_pc,1977,2148.8933
JPN,pil_pc,1978,2241.6646
JPN,pil_pc,1979,2344.6134
JPN,pil_pc,1980,2391.2523
JPN,pil_pc,1981,2471.918
JPN,pil_pc,1982,2536.7467
JPN,pil_pc,1983,2596.5364
JPN,pil_pc,1984,2695.3961
JPN,pil_pc,1985,2849.7814
JPN,pil_pc,1986,2915.4973
JPN,pil_pc,1987,3021.3519
JPN,pil_pc,1988,3223.8742
JPN,pil_pc,1989,3384.0249
JPN,pil_pc,1990,3559.7808
JPN,pil_pc,1991,3663.982
JPN,pil_pc,1992,3681.5991
JPN,pil_pc,1993,3677.6087
JPN,pil_pc,1994,3700.018
JPN,pil_pc,1995,3777.6534
JPN,pil_pc,1996,3884.6295
JPN,pil_pc,1997,3927.882
JPN,pil_pc,1998,3850.3302
JPN,pil_pc,1999,3830.2919
JPN,pil_pc,2000,3934.9835
JPN,pil_pc,2001,3938.295
JPN,pil_pc,2002,3936.5732
JPN,pil_pc,2003,3986.963
JPN,pil_pc,2004,4068.8309
JPN,pil_pc,2005,4140.5736
JPN,pil_pc,2006,4200.2502
JPN,pil_pc,2007,4269.786
JPN,pil_pc,2008,4219.9939
JPN,pil_pc,2009,3969.91
JPN,pil_pc,2010,4137.3108
JPN,pil_pc,2011,4136.5333
JPN,pil_pc,2012,4211.673
JPN,pil_pc,2013,4301.7889
JPN,pil_pc,2014,4346.2064
JPN,pil_pc,2015,4427.8379
JPN,pil_pc,2016,4462.1472
JPN,pil_pc,2017,4539.8312
JPN,pil_pc,2018,4584.2685
JPN,pil_pc,2019,4581.0208
JPN,pil_pc,2020,4403.147
JPN,pil_pc,2021,4565.6712
JPN,pil_pc,2022,4647.0648
JPN,pil_pc,2023,4709.8071
JPN,pil_pc,2024,4707.5947
JPN,pil_pc,2025,4787.7005
JPN,pil_pc,2026,4842.6027
JPN,pil_pc,2027,4895.5534
KOR,pil_pc,1970,2458.6368
KOR,pil_pc,1971,2664.859
KOR,pil_pc,1972,2804.0112
KOR,pil_pc,1973,3165.2926
KOR,pil_pc,1974,3407.5076
KOR,pil_pc,1975,3613.363
KOR,pil_pc,1976,4026.3035
KOR,pil_pc,1977,4453.0182
KOR,pil_pc,1978,4866.2655
KOR,pil_pc,1979,5208.6186
KOR,pil_pc,1980,5043.6813
KOR,pil_pc,1981,5325.4169
KOR,pil_pc,1982,5680.9752
KOR,pil_pc,1983,6346.6165
KOR,pil_pc,1984,6930.2372
KOR,pil_pc,1985,7400.2701
KOR,pil_pc,1986,8156.9738
KOR,pil_pc,1987,9104.7044
KOR,pil_pc,1988,10096.7974
KOR,pil_pc,1989,10704.5302
KOR,pil_pc,1990,11646.5762
KOR,pil_pc,1991,12771.6105
KOR,pil_pc,1992,13424.6371
KOR,pil_pc,1993,14203.5914
KOR,pil_pc,1994,15364.6982
KOR,pil_pc,1995,16677.809
KOR,pil_pc,1996,17824.5273
KOR,pil_pc,1997,18768.1002
KOR,pil_pc,1998,17678.314
KOR,pil_pc,1999,19553.5973
KOR,pil_pc,2000,21155.0614
KOR,pil_pc,2001,22006.3927
KOR,pil_pc,2002,23580.9754
KOR,pil_pc,2003,24195.1556
KOR,pil_pc,2004,25372.0898
KOR,pil_pc,2005,26380.3719
KOR,pil_pc,2006,27621.3539
KOR,pil_pc,2007,29050.6042
KOR,pil_pc,2008,29733.5115
KOR,pil_pc,2009,29825.854
KOR,pil_pc,2010,31706.5275
KOR,pil_pc,2011,32663.8708
KOR,pil_pc,2012,33332.1812
KOR,pil_pc,2013,34243.2014
KOR,pil_pc,2014,35140.4615
KOR,pil_pc,2015,35999.9902
KOR,pil_pc,2016,37016.1122
KOR,pil_pc,2017,38150.3607
KOR,pil_pc,2018,39208.6067
KOR,pil_pc,2019,40018.5554
KOR,pil_pc,2020,39736.5193
KOR,pil_pc,2021,41635.3251
KOR,pil_pc,2022,42794.5036
KOR,pil_pc,2023,43362.4691
KOR,pil_pc,2024,44243.2812
NZL,pil_pc,1970,33.7729
NZL,pil_pc,1971,34.5129
NZL,pil_pc,1972,35.6694
NZL,pil_pc,1973,37.701
NZL,pil_pc,1974,39.1566
NZL,pil_pc,1975,37.793
NZL,pil_pc,1976,37.7891
NZL,pil_pc,1977,36.1623
NZL,pil_pc,1978,36.2657
NZL,pil_pc,1979,36.9543
NZL,pil_pc,1980,37.3575
NZL,pil_pc,1981,38.9353
NZL,pil_pc,1982,38.9765
NZL,pil_pc,1983,39.7999
NZL,pil_pc,1984,41.2979
NZL,pil_pc,1985,41.7852
NZL,pil_pc,1986,40.1621
NZL,pil_pc,1987,40.548
NZL,pil_pc,1988,41.3113
NZL,pil_pc,1989,41.2616
NZL,pil_pc,1990,41.0937
NZL,pil_pc,1991,38.9085
NZL,pil_pc,1992,39.004
NZL,pil_pc,1993,41.0536
NZL,pil_pc,1994,42.8601
NZL,pil_pc,1995,43.8942
NZL,pil_pc,1996,44.6855
NZL,pil_pc,1997,45.5039
NZL,pil_pc,1998,45.6735
NZL,pil_pc,1999,47.7699
NZL,pil_pc,2000,48.56
NZL,pil_pc,2001,50.1018
NZL,pil_pc,2002,51.7732
NZL,pil_pc,2003,53.161
NZL,pil_pc,2004,54.0666
NZL,pil_pc,2005,55.1505
NZL,pil_pc,2006,55.7467
NZL,pil_pc,2007,57.2549
NZL,pil_pc,2008,55.9865
NZL,pil_pc,2009,56.5578
NZL,pil_pc,2010,56.4532
NZL,pil_pc,2011,57.4092
NZL,pil_pc,2012,58.6172
NZL,pil_pc,2013,59.2305
NZL,pil_pc,2014,60.4147
NZL,pil_pc,2015,61.6896
NZL,pil_pc,2016,62.6778
NZL,pil_pc,2017,64.031
NZL,pil_pc,2018,65.3288
NZL,pil_pc,2019,65.8949
NZL,pil_pc,2020,64.8178
NZL,pil_pc,2021,67.5977
NZL,pil_pc,2022,70.1724
NZL,pil_pc,2023,69.5865
NZL,pil_pc,2024,67.9
USA,pil_pc,1961,20.7967
USA,pil_pc,1962,21.7343
USA,pil_pc,1963,22.3559
USA,pil_pc,1964,23.3207
USA,pil_pc,1965,24.5269
USA,pil_pc,1966,25.8452
USA,pil_pc,1967,26.2662
USA,pil_pc,1968,27.2835
USA,pil_pc,1969,27.86
USA,pil_pc,1970,27.5917
USA,pil_pc,1971,28.1428
USA,pil_pc,1972,29.3081
USA,pil_pc,1973,30.6682
USA,pil_pc,1974,30.2233
USA,pil_pc,1975,29.8699
USA,pil_pc,1976,31.1758
USA,pil_pc,1977,32.2912
USA,pil_pc,1978,33.7204
USA,pil_pc,1979,34.4053
USA,pil_pc,1980,33.9222
USA,pil_pc,1981,34.4378
USA,pil_pc,1982,33.4953
USA,pil_pc,1983,34.7142
USA,pil_pc,1984,36.9019
USA,pil_pc,1985,38.1004
USA,pil_pc,1986,39.063
USA,pil_pc,1987,40.0549
USA,pil_pc,1988,41.3503
USA,pil_pc,1989,42.4658
USA,pil_pc,1990,42.7836
USA,pil_pc,1991,42.173
USA,pil_pc,1992,43.0819
USA,pil_pc,1993,43.6964
USA,pil_pc,1994,44.9092
USA,pil_pc,1995,45.5728
USA,pil_pc,1996,46.7442
USA,pil_pc,1997,48.2424
USA,pil_pc,1998,49.8213
USA,pil_pc,1999,51.5963
USA,pil_pc,2000,53.1419
USA,pil_pc,2001,53.1405
USA,pil_pc,2002,53.5535
USA,pil_pc,2003,54.545
USA,pil_pc,2004,56.1373
USA,pil_pc,2005,57.5566
USA,pil_pc,2006,58.5991
USA,pil_pc,2007,59.207
USA,pil_pc,2008,58.7251
USA,pil_pc,2009,56.6962
USA,pil_pc,2010,57.7436
USA,pil_pc,2011,58.1774
USA,pil_pc,2012,59.0448
USA,pil_pc,2013,59.6822
USA,pil_pc,2014,60.5697
USA,pil_pc,2015,61.7238
USA,pil_pc,2016,62.2705
USA,pil_pc,2017,63.2281
USA,pil_pc,2018,64.7208
USA,pil_pc,2019,66.0477
USA,pil_pc,2020,64.4144
USA,pil_pc,2021,68.2409
USA,pil_pc,2022,69.5769
USA,pil_pc,2023,71.037
USA,pil_pc,2024,72.3754
USA,pil_pc,2025,73.5003
USA,pil_pc,2026,74.9113
USA,pil_pc,2027,76.2597
DNK,prod_occupato,1960,268.3734
DNK,prod_occupato,1961,281.3827
DNK,prod_occupato,1962,292.8317
DNK,prod_occupato,1963,291.12
DNK,prod_occupato,1964,311.7038
DNK,prod_occupato,1965,320.0464
DNK,prod_occupato,1966,327.1728
DNK,prod_occupato,1967,346.4921
DNK,prod_occupato,1968,364.0199
DNK,prod_occupato,1969,381.931
DNK,prod_occupato,1970,384.3083
DNK,prod_occupato,1971,396.6871
DNK,prod_occupato,1972,403.8787
DNK,prod_occupato,1973,418.117
DNK,prod_occupato,1974,417.0284
DNK,prod_occupato,1975,415.1168
DNK,prod_occupato,1976,432.6053
DNK,prod_occupato,1977,442.2012
DNK,prod_occupato,1978,449.0959
DNK,prod_occupato,1979,462.0382
DNK,prod_occupato,1980,461.2135
DNK,prod_occupato,1981,465.0963
DNK,prod_occupato,1982,481.03
DNK,prod_occupato,1983,493.4473
DNK,prod_occupato,1984,507.5222
DNK,prod_occupato,1985,516.5831
DNK,prod_occupato,1986,528.1253
DNK,prod_occupato,1987,526.5968
DNK,prod_occupato,1988,530.5871
DNK,prod_occupato,1989,535.999
DNK,prod_occupato,1990,547.2004
DNK,prod_occupato,1991,560.6174
DNK,prod_occupato,1992,576.6152
DNK,prod_occupato,1993,585.7105
DNK,prod_occupato,1994,604.7147
DNK,prod_occupato,1995,619.2216
DNK,prod_occupato,1996,630.885
DNK,prod_occupato,1997,642.0036
DNK,prod_occupato,1998,647.8067
DNK,prod_occupato,1999,661.5046
DNK,prod_occupato,2000,681.0637
DNK,prod_occupato,2001,680.7834
DNK,prod_occupato,2002,683.4665
DNK,prod_occupato,2003,692.8392
DNK,prod_occupato,2004,715.8374
DNK,prod_occupato,2005,722.4582
DNK,prod_occupato,2006,733.4854
DNK,prod_occupato,2007,723.8206
DNK,prod_occupato,2008,711.8889
DNK,prod_occupato,2009,698.3928
DNK,prod_occupato,2010,726.3506
DNK,prod_occupato,2011,736.7246
DNK,prod_occupato,2012,741.8706
DNK,prod_occupato,2013,751.9036
DNK,prod_occupato,2014,756.6068
DNK,prod_occupato,2015,761.3393
DNK,prod_occupato,2016,772.1018
DNK,prod_occupato,2017,783.9072
DNK,prod_occupato,2018,786.3103
DNK,prod_occupato,2019,788.485
DNK,prod_occupato,2020,783.1403
DNK,prod_occupato,2021,815.5628
DNK,prod_occupato,2022,787.3136
DNK,prod_occupato,2023,783.4464
DNK,prod_occupato,2024,805.3036
DNK,prod_occupato,2025,819.3089
DNK,prod_occupato,2026,833.5575
DNK,prod_occupato,2027,843.5666
ITA,prod_occupato,1960,22.1946
ITA,prod_occupato,1961,24.0254
ITA,prod_occupato,1962,25.9768
ITA,prod_occupato,1963,28.0279
ITA,prod_occupato,1964,29.2678
ITA,prod_occupato,1965,31.1443
ITA,prod_occupato,1966,33.7616
ITA,prod_occupato,1967,35.9393
ITA,prod_occupato,1968,38.6353
ITA,prod_occupato,1969,40.9966
ITA,prod_occupato,1970,43.4039
ITA,prod_occupato,1971,44.0908
ITA,prod_occupato,1972,45.7193
ITA,prod_occupato,1973,48.1102
ITA,prod_occupato,1974,49.7664
ITA,prod_occupato,1975,48.5288
ITA,prod_occupato,1976,51.2373
ITA,prod_occupato,1977,52.1985
ITA,prod_occupato,1978,53.534
ITA,prod_occupato,1979,55.8881
ITA,prod_occupato,1980,56.799
ITA,prod_occupato,1981,57.1615
ITA,prod_occupato,1982,57.1336
ITA,prod_occupato,1983,57.4768
ITA,prod_occupato,1984,59.2117
ITA,prod_occupato,1985,60.1939
ITA,prod_occupato,1986,61.4026
ITA,prod_occupato,1987,63.1417
ITA,prod_occupato,1988,64.9883
ITA,prod_occupato,1989,66.647
ITA,prod_occupato,1990,66.9022
ITA,prod_occupato,1991,66.6183
ITA,prod_occupato,1992,67.5902
ITA,prod_occupato,1993,68.8759
ITA,prod_occupato,1994,71.4807
ITA,prod_occupato,1995,73.5462
ITA,prod_occupato,1996,74.0832
ITA,prod_occupato,1997,75.2458
ITA,prod_occupato,1998,75.8125
ITA,prod_occupato,1999,76.2077
ITA,prod_occupato,2000,77.6187
ITA,prod_occupato,2001,77.6943
ITA,prod_occupato,2002,76.519
ITA,prod_occupato,2003,75.3432
ITA,prod_occupato,2004,76.0295
ITA,prod_occupato,2005,76.2202
ITA,prod_occupato,2006,76.0824
ITA,prod_occupato,2007,76.2309
ITA,prod_occupato,2008,75.2827
ITA,prod_occupato,2009,72.5044
ITA,prod_occupato,2010,74.0387
ITA,prod_occupato,2011,74.3722
ITA,prod_occupato,2012,72.2286
ITA,prod_occupato,2013,72.2331
ITA,prod_occupato,2014,72.2279
ITA,prod_occupato,2015,72.3945
ITA,prod_occupato,2016,72.2557
ITA,prod_occupato,2017,72.5612
ITA,prod_occupato,2018,72.4257
ITA,prod_occupato,2019,72.2918
ITA,prod_occupato,2020,67.2576
ITA,prod_occupato,2021,72.565
ITA,prod_occupato,2022,74.6316
ITA,prod_occupato,2023,73.7973
ITA,prod_occupato,2024,73.0669
ITA,prod_occupato,2025,72.6659
ITA,prod_occupato,2026,72.938
ITA,prod_occupato,2027,73.243
SWE,prod_occupato,1960,315.7679
SWE,prod_occupato,1961,330.643
SWE,prod_occupato,1962,342.5975
SWE,prod_occupato,1963,360.6564
SWE,prod_occupato,1964,384.9708
SWE,prod_occupato,1965,395.4933
SWE,prod_occupato,1966,400.0126
SWE,prod_occupato,1967,417.8669
SWE,prod_occupato,1968,428.0445
SWE,prod_occupato,1969,444.099
SWE,prod_occupato,1970,464.1297
SWE,prod_occupato,1971,469.1463
SWE,prod_occupato,1972,478.344
SWE,prod_occupato,1973,495.7066
SWE,prod_occupato,1974,501.6186
SWE,prod_occupato,1975,504.7172
SWE,prod_occupato,1976,508.9
SWE,prod_occupato,1977,500.6356
SWE,prod_occupato,1978,507.2967
SWE,prod_occupato,1979,520.3851
SWE,prod_occupato,1980,527.3256
SWE,prod_occupato,1981,525.4139
SWE,prod_occupato,1982,532.9752
SWE,prod_occupato,1983,541.8693
SWE,prod_occupato,1984,560.1231
SWE,prod_occupato,1985,566.3863
SWE,prod_occupato,1986,578.0621
SWE,prod_occupato,1987,592.715
SWE,prod_occupato,1988,599.6456
SWE,prod_occupato,1989,606.7184
SWE,prod_occupato,1990,605.7078
SWE,prod_occupato,1991,607.8749
SWE,prod_occupato,1992,628.8161
SWE,prod_occupato,1993,645.9422
SWE,prod_occupato,1994,678.2879
SWE,prod_occupato,1995,694.9374
SWE,prod_occupato,1996,712.5843
SWE,prod_occupato,1997,743.9599
SWE,prod_occupato,1998,762.7905
SWE,prod_occupato,1999,778.6212
SWE,prod_occupato,2000,795.4726
SWE,prod_occupato,2001,789.9443
SWE,prod_occupato,2002,807.0096
SWE,prod_occupato,2003,826.0946
SWE,prod_occupato,2004,864.3361
SWE,prod_occupato,2005,888.8416
SWE,prod_occupato,2006,912.9984
SWE,prod_occupato,2007,921.2221
SWE,prod_occupato,2008,908.1458
SWE,prod_occupato,2009,887.5338
SWE,prod_occupato,2010,932.3408
SWE,prod_occupato,2011,940.213
SWE,prod_occupato,2012,929.127
SWE,prod_occupato,2013,930.213
SWE,prod_occupato,2014,937.8455
SWE,prod_occupato,2015,964.4691
SWE,prod_occupato,2016,965.7394
SWE,prod_occupato,2017,959.8449
SWE,prod_occupato,2018,960.6003
SWE,prod_occupato,2019,979.3664
SWE,prod_occupato,2020,972.8599
SWE,prod_occupato,2021,1010.9086
SWE,prod_occupato,2022,989.0635
SWE,prod_occupato,2023,975.1451
SWE,prod_occupato,2024,988.0889
SWE,prod_occupato,2025,1004.4427
SWE,prod_occupato,2026,1016.0809
SWE,prod_occupato,2027,1029.0837
GBR,prod_occupato,1960,25.0576
GBR,prod_occupato,1961,25.3848
GBR,prod_occupato,1962,25.4453
GBR,prod_occupato,1963,26.6344
GBR,prod_occupato,1964,27.7898
GBR,prod_occupato,1965,28.0967
GBR,prod_occupato,1966,28.3574
GBR,prod_occupato,1967,29.575
GBR,prod_occupato,1968,31.3646
GBR,prod_occupato,1969,31.9258
GBR,prod_occupato,1970,32.9196
GBR,prod_occupato,1971,34.3779
GBR,prod_occupato,1972,35.9112
GBR,prod_occupato,1973,37.5491
GBR,prod_occupato,1974,36.3928
GBR,prod_occupato,1975,35.8826
GBR,prod_occupato,1976,37.2432
GBR,prod_occupato,1977,38.1135
GBR,prod_occupato,1978,39.2773
GBR,prod_occupato,1979,40.1335
GBR,prod_occupato,1980,39.6865
GBR,prod_occupato,1981,40.6708
GBR,prod_occupato,1982,42.2426
GBR,prod_occupato,1983,44.2572
GBR,prod_occupato,1984,44.3732
GBR,prod_occupato,1985,45.7201
GBR,prod_occupato,1986,47.1021
GBR,prod_occupato,1987,48.3678
GBR,prod_occupato,1988,49.0512
GBR,prod_occupato,1989,49.1384
GBR,prod_occupato,1990,49.3427
GBR,prod_occupato,1991,50.3098
GBR,prod_occupato,1992,51.5013
GBR,prod_occupato,1993,53.2354
GBR,prod_occupato,1994,54.846
GBR,prod_occupato,1995,55.5504
GBR,prod_occupato,1996,56.4059
GBR,prod_occupato,1997,58.1708
GBR,prod_occupato,1998,59.4523
GBR,prod_occupato,1999,60.3613
GBR,prod_occupato,2000,62.3664
GBR,prod_occupato,2001,63.3319
GBR,prod_occupato,2002,63.8783
GBR,prod_occupato,2003,65.2821
GBR,prod_occupato,2004,66.0739
GBR,prod_occupato,2005,67.1652
GBR,prod_occupato,2006,67.9594
GBR,prod_occupato,2007,69.3838
GBR,prod_occupato,2008,68.7671
GBR,prod_occupato,2009,66.6776
GBR,prod_occupato,2010,68.0156
GBR,prod_occupato,2011,68.2499
GBR,prod_occupato,2012,68.5466
GBR,prod_occupato,2013,68.9182
GBR,prod_occupato,2014,69.453
GBR,prod_occupato,2015,69.732
GBR,prod_occupato,2016,70.2373
GBR,prod_occupato,2017,71.6501
GBR,prod_occupato,2018,71.9031
GBR,prod_occupato,2019,71.7542
GBR,prod_occupato,2020,65.2657
GBR,prod_occupato,2021,70.8492
GBR,prod_occupato,2022,73.5838
GBR,prod_occupato,2023,72.914
GBR,prod_occupato,2024,73.1228
GBR,prod_occupato,2025,72.9646
GBR,prod_occupato,2026,73.5947
GBR,prod_occupato,2027,74.2398
ISL,prod_occupato,1963,6177.7975
ISL,prod_occupato,1964,6316.2306
ISL,prod_occupato,1965,6479.3937
ISL,prod_occupato,1966,6870.287
ISL,prod_occupato,1967,6810.7884
ISL,prod_occupato,1968,6380.4014
ISL,prod_occupato,1969,6477.3325
ISL,prod_occupato,1970,6720.9072
ISL,prod_occupato,1971,7235.0193
ISL,prod_occupato,1972,7489.2024
ISL,prod_occupato,1973,7785.1283
ISL,prod_occupato,1974,7951.5912
ISL,prod_occupato,1975,7873.8774
ISL,prod_occupato,1976,8051.5224
ISL,prod_occupato,1977,8737.403
ISL,prod_occupato,1978,8994.3547
ISL,prod_occupato,1979,9336.3339
ISL,prod_occupato,1980,9556.4815
ISL,prod_occupato,1981,9510.0028
ISL,prod_occupato,1982,9424.8382
ISL,prod_occupato,1983,9181.1693
ISL,prod_occupato,1984,9425.838
ISL,prod_occupato,1985,9394.7886
ISL,prod_occupato,1986,9674.7371
ISL,prod_occupato,1987,9931.7091
ISL,prod_occupato,1988,10224.6332
ISL,prod_occupato,1989,10401.8207
ISL,prod_occupato,1990,10620.1708
ISL,prod_occupato,1991,10602.5434
ISL,prod_occupato,1992,10244.8249
ISL,prod_occupato,1993,10402.1805
ISL,prod_occupato,1994,10691.485
ISL,prod_occupato,1995,10394.456
ISL,prod_occupato,1996,10876.4966
ISL,prod_occupato,1997,11410.8795
ISL,prod_occupato,1998,11723.7248
ISL,prod_occupato,1999,11751.6478
ISL,prod_occupato,2000,12083.7329
ISL,prod_occupato,2001,12342.6766
ISL,prod_occupato,2002,12591.7542
ISL,prod_occupato,2003,12862.6018
ISL,prod_occupato,2004,13914.0117
ISL,prod_occupato,2005,14411.9834
ISL,prod_occupato,2006,14484.0697
ISL,prod_occupato,2007,15074.6547
ISL,prod_occupato,2008,15210.6904
ISL,prod_occupato,2009,15190.3246
ISL,prod_occupato,2010,15044.7674
ISL,prod_occupato,2011,15085.2861
ISL,prod_occupato,2012,14979.0564
ISL,prod_occupato,2013,15164.5507
ISL,prod_occupato,2014,15084.9145
ISL,prod_occupato,2015,15219.7908
ISL,prod_occupato,2016,15463.6662
ISL,prod_occupato,2017,15351.7431
ISL,prod_occupato,2018,15599.3513
ISL,prod_occupato,2019,15792.4949
ISL,prod_occupato,2020,15477.0334
ISL,prod_occupato,2021,16054.0096
ISL,prod_occupato,2022,16315.9046
ISL,prod_occupato,2023,16438.2964
ISL,prod_occupato,2024,15949.7719
ISL,prod_occupato,2025,15974.0364
ISL,prod_occupato,2026,16164.7141
ISL,prod_occupato,2027,16383.623
NOR,prod_occupato,1960,387.3109
NOR,prod_occupato,1961,407.0902
NOR,prod_occupato,1962,416.5415
NOR,prod_occupato,1963,430.4269
NOR,prod_occupato,1964,450.544
NOR,prod_occupato,1965,470.4821
NOR,prod_occupato,1966,485.8968
NOR,prod_occupato,1967,512.9996
NOR,prod_occupato,1968,523.9367
NOR,prod_occupato,1969,542.8543
NOR,prod_occupato,1970,544.5913
NOR,prod_occupato,1971,570.4384
NOR,prod_occupato,1972,593.6907
NOR,prod_occupato,1973,615.8857
NOR,prod_occupato,1974,631.9671
NOR,prod_occupato,1975,652.0479
NOR,prod_occupato,1976,667.2872
NOR,prod_occupato,1977,675.6128
NOR,prod_occupato,1978,689.2272
NOR,prod_occupato,1979,709.3124
NOR,prod_occupato,1980,723.4126
NOR,prod_occupato,1981,726.1427
NOR,prod_occupato,1982,727.5318
NOR,prod_occupato,1983,757.7492
NOR,prod_occupato,1984,797.672
NOR,prod_occupato,1985,819.5881
NOR,prod_occupato,1986,825.4647
NOR,prod_occupato,1987,822.9554
NOR,prod_occupato,1988,824.4857
NOR,prod_occupato,1989,857.1766
NOR,prod_occupato,1990,882.0846
NOR,prod_occupato,1991,915.8052
NOR,prod_occupato,1992,950.3212
NOR,prod_occupato,1993,969.9536
NOR,prod_occupato,1994,1005.0314
NOR,prod_occupato,1995,1024.9515
NOR,prod_occupato,1996,1053.919
NOR,prod_occupato,1997,1075.1562
NOR,prod_occupato,1998,1075.8709
NOR,prod_occupato,1999,1089.3156
NOR,prod_occupato,2000,1120.0083
NOR,prod_occupato,2001,1143.744
NOR,prod_occupato,2002,1159.9134
NOR,prod_occupato,2003,1189.58
NOR,prod_occupato,2004,1237.297
NOR,prod_occupato,2005,1259.1947
NOR,prod_occupato,2006,1253.3941
NOR,prod_occupato,2007,1247.2891
NOR,prod_occupato,2008,1217.9015
NOR,prod_occupato,2009,1202.9361
NOR,prod_occupato,2010,1216.9268
NOR,prod_occupato,2011,1216.1698
NOR,prod_occupato,2012,1225.4565
NOR,prod_occupato,2013,1226.6785
NOR,prod_occupato,2014,1240.329
NOR,prod_occupato,2015,1261.018
NOR,prod_occupato,2016,1273.5483
NOR,prod_occupato,2017,1292.8132
NOR,prod_occupato,2018,1285.6704
NOR,prod_occupato,2019,1284.3618
NOR,prod_occupato,2020,1285.8971
NOR,prod_occupato,2021,1324.9729
NOR,prod_occupato,2022,1327.8746
NOR,prod_occupato,2023,1316.8702
NOR,prod_occupato,2024,1326.6939
NOR,prod_occupato,2025,1332.1901
NOR,prod_occupato,2026,1344.2806
NOR,prod_occupato,2027,1351.4521
CHE,prod_occupato,1960,77.4116
CHE,prod_occupato,1961,80.1331
CHE,prod_occupato,1962,81.0523
CHE,prod_occupato,1963,83.7648
CHE,prod_occupato,1964,86.706
CHE,prod_occupato,1965,89.9541
CHE,prod_occupato,1966,92.4899
CHE,prod_occupato,1967,94.7622
CHE,prod_occupato,1968,97.6857
CHE,prod_occupato,1969,101.4656
CHE,prod_occupato,1970,106.4068
CHE,prod_occupato,1971,108.8047
CHE,prod_occupato,1972,110.7635
CHE,prod_occupato,1973,112.9575
CHE,prod_occupato,1974,114.7059
CHE,prod_occupato,1975,111.6726
CHE,prod_occupato,1976,112.9302
CHE,prod_occupato,1977,115.5265
CHE,prod_occupato,1978,114.9418
CHE,prod_occupato,1979,116.5536
CHE,prod_occupato,1980,119.3422
CHE,prod_occupato,1981,118.489
CHE,prod_occupato,1982,116.1148
CHE,prod_occupato,1983,116.2876
CHE,prod_occupato,1984,118.4163
CHE,prod_occupato,1985,120.5534
CHE,prod_occupato,1986,120.2359
CHE,prod_occupato,1987,119.2439
CHE,prod_occupato,1988,120.132
CHE,prod_occupato,1989,122.2358
CHE,prod_occupato,1990,122.8323
CHE,prod_occupato,1991,112.5324
CHE,prod_occupato,1992,114.1769
CHE,prod_occupato,1993,114.9994
CHE,prod_occupato,1994,117.2272
CHE,prod_occupato,1995,117.7495
CHE,prod_occupato,1996,118.7402
CHE,prod_occupato,1997,121.4079
CHE,prod_occupato,1998,123.1438
CHE,prod_occupato,1999,124.2017
CHE,prod_occupato,2000,127.4689
CHE,prod_occupato,2001,127.3796
CHE,prod_occupato,2002,126.9569
CHE,prod_occupato,2003,127.0493
CHE,prod_occupato,2004,129.9767
CHE,prod_occupato,2005,132.842
CHE,prod_occupato,2006,135.3854
CHE,prod_occupato,2007,137.2348
CHE,prod_occupato,2008,137.4196
CHE,prod_occupato,2009,134.132
CHE,prod_occupato,2010,138.1161
CHE,prod_occupato,2011,136.5305
CHE,prod_occupato,2012,135.6491
CHE,prod_occupato,2013,136.4895
CHE,prod_occupato,2014,137.3737
CHE,prod_occupato,2015,137.2695
CHE,prod_occupato,2016,137.975
CHE,prod_occupato,2017,138.6707
CHE,prod_occupato,2018,141.8137
CHE,prod_occupato,2019,142.3504
CHE,prod_occupato,2020,139.8395
CHE,prod_occupato,2021,147.5381
CHE,prod_occupato,2022,150.4875
CHE,prod_occupato,2023,148.3418
CHE,prod_occupato,2024,149.3251
CHE,prod_occupato,2025,150.6183
CHE,prod_occupato,2026,151.7846
CHE,prod_occupato,2027,152.7065
AUS,prod_occupato,1960,69.4376
AUS,prod_occupato,1961,70.1357
AUS,prod_occupato,1962,72.7488
AUS,prod_occupato,1963,75.6621
AUS,prod_occupato,1964,76.6408
AUS,prod_occupato,1965,76.0209
AUS,prod_occupato,1966,77.3965
AUS,prod_occupato,1967,79.4246
AUS,prod_occupato,1968,82.9206
AUS,prod_occupato,1969,86.6933
AUS,prod_occupato,1970,86.6574
AUS,prod_occupato,1971,88.1136
AUS,prod_occupato,1972,88.9594
AUS,prod_occupato,1973,90.0189
AUS,prod_occupato,1974,90.2073
AUS,prod_occupato,1975,92.7296
AUS,prod_occupato,1976,95.1432
AUS,prod_occupato,1977,94.444
AUS,prod_occupato,1978,98.1087
AUS,prod_occupato,1979,99.3583
AUS,prod_occupato,1980,99.8419
AUS,prod_occupato,1981,101.0791
AUS,prod_occupato,1982,98.8531
AUS,prod_occupato,1983,105.2232
AUS,prod_occupato,1984,107.5321
AUS,prod_occupato,1985,108.4538
AUS,prod_occupato,1986,108.5287
AUS,prod_occupato,1987,111.6095
AUS,prod_occupato,1988,111.0416
AUS,prod_occupato,1989,110.8169
AUS,prod_occupato,1990,111.2545
AUS,prod_occupato,1991,112.7952
AUS,prod_occupato,1992,118.201
AUS,prod_occupato,1993,122.6783
AUS,prod_occupato,1994,123.4969
AUS,prod_occupato,1995,123.484
AUS,prod_occupato,1996,126.6067
AUS,prod_occupato,1997,131.693
AUS,prod_occupato,1998,135.9846
AUS,prod_occupato,1999,138.7513
AUS,prod_occupato,2000,137.9224
AUS,prod_occupato,2001,141.338
AUS,prod_occupato,2002,142.8823
AUS,prod_occupato,2003,145.5628
AUS,prod_occupato,2004,147.8865
AUS,prod_occupato,2005,146.863
AUS,prod_occupato,2006,148.8774
AUS,prod_occupato,2007,149.5308
AUS,prod_occupato,2008,148.3543
AUS,prod_occupato,2009,150.51
AUS,prod_occupato,2010,151.0828
AUS,prod_occupato,2011,154.4408
AUS,prod_occupato,2012,156.5639
AUS,prod_occupato,2013,159.0513
AUS,prod_occupato,2014,160.9171
AUS,prod_occupato,2015,161.945
AUS,prod_occupato,2016,163.028
AUS,prod_occupato,2017,164.1902
AUS,prod_occupato,2018,163.4918
AUS,prod_occupato,2019,159.5016
AUS,prod_occupato,2020,165.916
AUS,prod_occupato,2021,167.1258
AUS,prod_occupato,2022,165.8585
AUS,prod_occupato,2023,162.5834
AUS,prod_occupato,2024,161.1451
AUS,prod_occupato,2025,161.989
CAN,prod_occupato,1960,58.2947
CAN,prod_occupato,1961,59.2243
CAN,prod_occupato,1962,61.5381
CAN,prod_occupato,1963,63.205
CAN,prod_occupato,1964,65.0388
CAN,prod_occupato,1965,66.8105
CAN,prod_occupato,1966,68.4005
CAN,prod_occupato,1967,68.4952
CAN,prod_occupato,1968,70.883
CAN,prod_occupato,1969,72.4369
CAN,prod_occupato,1970,73.5724
CAN,prod_occupato,1971,74.9873
CAN,prod_occupato,1972,77.2234
CAN,prod_occupato,1973,78.9162
CAN,prod_occupato,1974,78.9176
CAN,prod_occupato,1975,79.3213
CAN,prod_occupato,1976,82.9845
CAN,prod_occupato,1977,84.0361
CAN,prod_occupato,1978,84.9382
CAN,prod_occupato,1979,84.4192
CAN,prod_occupato,1980,83.5542
CAN,prod_occupato,1981,84.0089
CAN,prod_occupato,1982,84.1225
CAN,prod_occupato,1983,85.5711
CAN,prod_occupato,1984,88.3926
CAN,prod_occupato,1985,89.4539
CAN,prod_occupato,1986,88.7895
CAN,prod_occupato,1987,89.6873
CAN,prod_occupato,1988,90.6045
CAN,prod_occupato,1989,90.5492
CAN,prod_occupato,1990,90.2172
CAN,prod_occupato,1991,89.878
CAN,prod_occupato,1992,91.5749
CAN,prod_occupato,1993,93.2501
CAN,prod_occupato,1994,95.5767
CAN,prod_occupato,1995,96.6083
CAN,prod_occupato,1996,97.2367
CAN,prod_occupato,1997,99.4524
CAN,prod_occupato,1998,101.0492
CAN,prod_occupato,1999,103.5235
CAN,prod_occupato,2000,106.4139
CAN,prod_occupato,2001,107.4154
CAN,prod_occupato,2002,107.9783
CAN,prod_occupato,2003,107.5914
CAN,prod_occupato,2004,109.1256
CAN,prod_occupato,2005,110.935
CAN,prod_occupato,2006,112.1774
CAN,prod_occupato,2007,112.2308
CAN,prod_occupato,2008,111.7487
CAN,prod_occupato,2009,110.0883
CAN,prod_occupato,2010,111.0572
CAN,prod_occupato,2011,112.7267
CAN,prod_occupato,2012,113.2843
CAN,prod_occupato,2013,114.3625
CAN,prod_occupato,2014,117.3243
CAN,prod_occupato,2015,117.0362
CAN,prod_occupato,2016,117.279
CAN,prod_occupato,2017,118.1818
CAN,prod_occupato,2018,119.2035
CAN,prod_occupato,2019,118.8297
CAN,prod_occupato,2020,125.3339
CAN,prod_occupato,2021,122.665
CAN,prod_occupato,2022,122.5717
CAN,prod_occupato,2023,120.8906
CAN,prod_occupato,2024,121.1533
JPN,prod_occupato,1960,1451.4225
JPN,prod_occupato,1961,1601.0841
JPN,prod_occupato,1962,1716.5894
JPN,prod_occupato,1963,1851.5828
JPN,prod_occupato,1964,2032.1592
JPN,prod_occupato,1965,2113.3937
JPN,prod_occupato,1966,2283.1613
JPN,prod_occupato,1967,2488.2844
JPN,prod_occupato,1968,2738.9631
JPN,prod_occupato,1969,3043.2363
JPN,prod_occupato,1970,3320.5748
JPN,prod_occupato,1971,3442.0386
JPN,prod_occupato,1972,3712.3356
JPN,prod_occupato,1973,3921.9206
JPN,prod_occupato,1974,3890.23
JPN,prod_occupato,1975,4020.3855
JPN,prod_occupato,1976,4146.27
JPN,prod_occupato,1977,4276.9944
JPN,prod_occupato,1978,4458.9879
JPN,prod_occupato,1979,4655.6407
JPN,prod_occupato,1980,4753.9323
JPN,prod_occupato,1981,4915.0437
JPN,prod_occupato,1982,5039.8227
JPN,prod_occupato,1983,5116.6305
JPN,prod_occupato,1984,5326.8918
JPN,prod_occupato,1985,5633.727
JPN,prod_occupato,1986,5763.7554
JPN,prod_occupato,1987,5976.8201
JPN,prod_occupato,1988,6330.4663
JPN,prod_occupato,1989,6573.5565
JPN,prod_occupato,1990,6825.9443
JPN,prod_occupato,1991,6912.2952
JPN,prod_occupato,1992,6891.1474
JPN,prod_occupato,1993,6876.9079
JPN,prod_occupato,1994,6928.4894
JPN,prod_occupato,1995,7066.389
JPN,prod_occupato,1996,7276.4602
JPN,prod_occupato,1997,7322.957
JPN,prod_occupato,1998,7276.4726
JPN,prod_occupato,1999,7349.7037
JPN,prod_occupato,2000,7624.0889
JPN,prod_occupato,2001,7673.8585
JPN,prod_occupato,2002,7771.0847
JPN,prod_occupato,2003,7874.1903
JPN,prod_occupato,2004,7994.9292
JPN,prod_occupato,2005,8077.96
JPN,prod_occupato,2006,8145.9377
JPN,prod_occupato,2007,8221.4462
JPN,prod_occupato,2008,8138.0129
JPN,prod_occupato,2009,7744.1515
JPN,prod_occupato,2010,8075.0637
JPN,prod_occupato,2011,8084.2868
JPN,prod_occupato,2012,8275.4591
JPN,prod_occupato,2013,8406.4162
JPN,prod_occupato,2014,8448.085
JPN,prod_occupato,2015,8588.7282
JPN,prod_occupato,2016,8578.3099
JPN,prod_occupato,2017,8639.3642
JPN,prod_occupato,2018,8554.5957
JPN,prod_occupato,2019,8454.2211
JPN,prod_occupato,2020,8132.0085
JPN,prod_occupato,2021,8403.8414
JPN,prod_occupato,2022,8488.2776
JPN,prod_occupato,2023,8504.888
JPN,prod_occupato,2024,8432.4813
JPN,prod_occupato,2025,8473.4206
JPN,prod_occupato,2026,8514.9629
JPN,prod_occupato,2027,8547.9321
KOR,prod_occupato,1970,8237.9557
KOR,prod_occupato,1971,8805.4536
KOR,prod_occupato,1972,9046.8552
KOR,prod_occupato,1973,9859.8459
KOR,prod_occupato,1974,10344.8397
KOR,prod_occupato,1975,10898.2269
KOR,prod_occupato,1976,11622.3632
KOR,prod_occupato,1977,12648.475
KOR,prod_occupato,1978,13406.0411
KOR,prod_occupato,1979,14365.0086
KOR,prod_occupato,1980,14044.9676
KOR,prod_occupato,1981,14697.4824
KOR,prod_occupato,1982,15528.7439
KOR,prod_occupato,1983,17452.9593
KOR,prod_occupato,1984,19396.1604
KOR,prod_occupato,1985,20160.6953
KOR,prod_occupato,1986,21669.9076
KOR,prod_occupato,1987,23159.0128
KOR,prod_occupato,1988,25143.4624
KOR,prod_occupato,1989,25862.4372
KOR,prod_occupato,1990,27592.079
KOR,prod_occupato,1991,29682.9482
KOR,prod_occupato,1992,30921.8196
KOR,prod_occupato,1993,32659.6746
KOR,prod_occupato,1994,34574.5595
KOR,prod_occupato,1995,36843.3777
KOR,prod_occupato,1996,38909.3275
KOR,prod_occupato,1997,40602.9408
KOR,prod_occupato,1998,40997.3635
KOR,prod_occupato,1999,44898.361
KOR,prod_occupato,2000,46969.595
KOR,prod_occupato,2001,48230.9804
KOR,prod_occupato,2002,50572.47
KOR,prod_occupato,2003,52209.222
KOR,prod_occupato,2004,53842.425
KOR,prod_occupato,2005,55822.0577
KOR,prod_occupato,2006,57845.1706
KOR,prod_occupato,2007,60255.2088
KOR,prod_occupato,2008,61507.6426
KOR,prod_occupato,2009,62240.2016
KOR,prod_occupato,2010,65629.186
KOR,prod_occupato,2011,66679.8239
KOR,prod_occupato,2012,67205.0187
KOR,prod_occupato,2013,68471.4815
KOR,prod_occupato,2014,69041.2438
KOR,prod_occupato,2015,70296.0535
KOR,prod_occupato,2016,71890.0341
KOR,prod_occupato,2017,73479.7641
KOR,prod_occupato,2018,75538.5447
KOR,prod_occupato,2019,76429.795
KOR,prod_occupato,2020,76510.6879
KOR,prod_occupato,2021,78958.6291
KOR,prod_occupato,2022,78755.0651
KOR,prod_occupato,2023,78941.3259
NZL,prod_occupato,1960,64.7858
NZL,prod_occupato,1961,67.6257
NZL,prod_occupato,1962,67.8474
NZL,prod_occupato,1963,70.7021
NZL,prod_occupato,1964,72.0512
NZL,prod_occupato,1965,74.0844
NZL,prod_occupato,1966,75.9515
NZL,prod_occupato,1967,70.675
NZL,prod_occupato,1968,71.7993
NZL,prod_occupato,1969,77.4006
NZL,prod_occupato,1970,74.1328
NZL,prod_occupato,1971,75.9625
NZL,prod_occupato,1972,78.9917
NZL,prod_occupato,1973,82.3469
NZL,prod_occupato,1974,83.5851
NZL,prod_occupato,1975,80.7296
NZL,prod_occupato,1976,80.1062
NZL,prod_occupato,1977,75.7971
NZL,prod_occupato,1978,76.4613
NZL,prod_occupato,1979,77.0954
NZL,prod_occupato,1980,78.1468
NZL,prod_occupato,1981,81.9128
NZL,prod_occupato,1982,81.332
NZL,prod_occupato,1983,85.0936
NZL,prod_occupato,1984,88.1384
NZL,prod_occupato,1985,86.4226
NZL,prod_occupato,1986,82.0348
NZL,prod_occupato,1987,82.8371
NZL,prod_occupato,1988,87.3295
NZL,prod_occupato,1989,90.0966
NZL,prod_occupato,1990,92.731
NZL,prod_occupato,1991,90.2577
NZL,prod_occupato,1992,94.0609
NZL,prod_occupato,1993,99.1384
NZL,prod_occupato,1994,99.7273
NZL,prod_occupato,1995,99.7805
NZL,prod_occupato,1996,99.7568
NZL,prod_occupato,1997,102.7804
NZL,prod_occupato,1998,101.4956
NZL,prod_occupato,1999,103.4823
NZL,prod_occupato,2000,106.0699
NZL,prod_occupato,2001,107.3652
NZL,prod_occupato,2002,109.5042
NZL,prod_occupato,2003,111.527
NZL,prod_occupato,2004,111.5183
NZL,prod_occupato,2005,110.3298
NZL,prod_occupato,2006,110.3772
NZL,prod_occupato,2007,113.2798
NZL,prod_occupato,2008,109.0785
NZL,prod_occupato,2009,113.5138
NZL,prod_occupato,2010,114.1018
NZL,prod_occupato,2011,115.2571
NZL,prod_occupato,2012,118.6031
NZL,prod_occupato,2013,118.4529
NZL,prod_occupato,2014,118.2881
NZL,prod_occupato,2015,120.1419
NZL,prod_occupato,2016,119.072
NZL,prod_occupato,2017,119.2065
NZL,prod_occupato,2018,120.7483
NZL,prod_occupato,2019,121.9422
NZL,prod_occupato,2020,120.8709
NZL,prod_occupato,2021,123.9966
NZL,prod_occupato,2022,126.9809
NZL,prod_occupato,2023,124.6726
NZL,prod_occupato,2024,124.0088
USA,prod_occupato,1960,50.7223
USA,prod_occupato,1961,52.0775
USA,prod_occupato,1962,54.4215
USA,prod_occupato,1963,56.7378
USA,prod_occupato,1964,58.5414
USA,prod_occupato,1965,60.5703
USA,prod_occupato,1966,62.0675
USA,prod_occupato,1967,62.331
USA,prod_occupato,1968,63.8876
USA,prod_occupato,1969,64.2413
USA,prod_occupato,1970,64.1793
USA,prod_occupato,1971,66.0379
USA,prod_occupato,1972,67.5688
USA,prod_occupato,1973,69.1268
USA,prod_occupato,1974,67.5007
USA,prod_occupato,1975,68.1502
USA,prod_occupato,1976,69.6363
USA,prod_occupato,1977,70.3959
USA,prod_occupato,1978,71.2834
USA,prod_occupato,1979,71.5509
USA,prod_occupato,1980,71.0125
USA,prod_occupato,1981,71.9854
USA,prod_occupato,1982,71.2248
USA,prod_occupato,1983,73.5266
USA,prod_occupato,1984,75.7755
USA,prod_occupato,1985,77.3671
USA,prod_occupato,1986,78.2805
USA,prod_occupato,1987,78.9714
USA,prod_occupato,1988,80.5319
USA,prod_occupato,1989,81.8521
USA,prod_occupato,1990,82.4446
USA,prod_occupato,1991,83.1291
USA,prod_occupato,1992,85.6254
USA,prod_occupato,1993,86.8478
USA,prod_occupato,1994,88.4427
USA,prod_occupato,1995,89.5798
USA,prod_occupato,1996,91.729
USA,prod_occupato,1997,93.7888
USA,prod_occupato,1998,96.6366
USA,prod_occupato,1999,99.4055
USA,prod_occupato,2000,101.4526
USA,prod_occupato,2001,102.664
USA,prod_occupato,2002,105.3031
USA,prod_occupato,2003,108.235
USA,prod_occupato,2004,111.2172
USA,prod_occupato,2005,113.5962
USA,prod_occupato,2006,114.7903
USA,prod_occupato,2007,116.0951
USA,prod_occupato,2008,116.9507
USA,prod_occupato,2009,119.0351
USA,prod_occupato,2010,123.0881
USA,prod_occupato,2011,123.8726
USA,prod_occupato,2012,124.3543
USA,prod_occupato,2013,124.8172
USA,prod_occupato,2014,125.4081
USA,prod_occupato,2015,126.2752
USA,prod_occupato,2016,126.4905
USA,prod_occupato,2017,127.8051
USA,prod_occupato,2018,129.455
USA,prod_occupato,2019,131.1775
USA,prod_occupato,2020,136.2959
USA,prod_occupato,2021,140.0298
USA,prod_occupato,2022,138.3445
USA,prod_occupato,2023,139.9423
USA,prod_occupato,2024,142.1629
USA,prod_occupato,2025,145.0123
USA,prod_occupato,2026,147.8699
USA,prod_occupato,2027,150.4566
