date,benzina_net_eur_L,diesel_net_eur_L
2026-03-23,0.9851,1.1854
2026-03-16,0.8182,0.9939
2026-03-09,0.7576,0.8593
2026-03-02,0.6963,0.7375
2026-02-23,0.6833,0.7220
2026-02-16,0.6782,0.7168
2026-02-09,0.6754,0.7132
2026-02-02,0.6726,0.7057
2026-01-26,0.6672,0.6988
2026-01-19,0.6600,0.6883
2026-01-12,0.6609,0.6881
2026-01-05,0.6834,0.6748
2025-12-29,0.6627,0.7025
2025-12-22,0.6719,0.7140
2025-12-15,0.6866,0.7325
2025-12-08,0.6950,0.7481
2025-12-01,0.7023,0.7622
2025-11-24,0.7052,0.7632
2025-11-17,0.6961,0.7469
2025-11-10,0.6846,0.7236
2025-11-03,0.6758,0.7055
2025-10-27,0.6665,0.6863
2025-10-20,0.6721,0.6920
2025-10-13,0.6795,0.6999
2025-10-06,0.6873,0.7086
2025-09-29,0.6896,0.7100
2025-09-22,0.6911,0.7105
2025-09-15,0.6889,0.7076
2025-09-08,0.6844,0.7038
2025-09-01,0.6774,0.6975
2025-08-25,0.6763,0.6971
2025-08-18,0.6811,0.7048
2025-08-11,0.6877,0.7130
2025-08-04,0.6904,0.7191
2025-07-28,0.6969,0.7285
2025-07-21,0.7024,0.7313
2025-07-14,0.7037,0.7306
2025-07-07,0.7075,0.7313
2025-06-30,0.7188,0.7413
2025-06-23,0.7080,0.7144
2025-06-16,0.6772,0.6739
2025-06-09,0.6717,0.6673
2025-06-02,0.6744,0.6722
2025-05-26,0.6790,0.6779
2025-05-19,0.6790,0.6718
2025-05-12,0.6566,0.6765
2025-05-05,0.6624,0.6855
2025-04-28,0.6693,0.6931
2025-04-21,0.6782,0.7020
2025-04-14,0.6968,0.7207
2025-04-07,0.7152,0.7409
2025-03-31,0.7157,0.7429
2025-03-24,0.7202,0.7489
2025-03-17,0.7324,0.7624
2025-03-10,0.7485,0.7791
2025-03-03,0.7602,0.7917
2025-02-24,0.7664,0.7981
2025-02-17,0.7672,0.7984
2025-02-10,0.7663,0.8009
2025-02-03,0.7663,0.8009
2025-01-27,0.7726,0.8084
2025-01-20,0.7659,0.7981
2025-01-13,0.7414,0.7698
2025-01-06,0.7245,0.7530
2024-12-30,0.7115,0.7400
2024-12-23,0.7098,0.7378
2024-12-16,0.7063,0.7333
2024-12-09,0.7118,0.7395
2024-12-02,0.7172,0.7445
2024-11-25,0.7127,0.7341
2024-11-18,0.7092,0.7223
2024-11-11,0.7112,0.7230
2024-11-04,0.7113,0.7202
2024-10-28,0.7159,0.7231
2024-10-21,0.7186,0.7312
2024-10-14,0.7121,0.7268
2024-10-07,0.6908,0.7042
2024-09-30,0.6936,0.7068
2024-09-23,0.7003,0.7123
2024-09-16,0.7138,0.7233
2024-09-09,0.7325,0.7395
2024-09-02,0.7435,0.7499
2024-08-26,0.7560,0.7631
2024-08-19,0.7651,0.7747
2024-08-12,0.7699,0.7803
2024-08-05,0.7786,0.7902
2024-07-29,0.7892,0.8012
2024-07-22,0.7980,0.8108
2024-07-15,0.8043,0.8179
2024-07-08,0.8056,0.8184
2024-07-01,0.7960,0.8068
2024-06-24,0.7844,0.7890
2024-06-17,0.7834,0.7714
2024-06-10,0.7886,0.7719
2024-06-03,0.8004,0.7850
2024-05-27,0.8076,0.7944
2024-05-20,0.8150,0.8033
2024-05-13,0.8278,0.8197
2024-05-06,0.8390,0.8377
2024-04-29,0.8409,0.8497
2024-04-22,0.8458,0.8601
2024-04-15,0.8402,0.8636
2024-04-08,0.8296,0.8570
2024-04-01,0.8185,0.8523
2024-03-25,0.8103,0.8586
2024-03-18,0.7891,0.8498
2024-03-11,0.7902,0.8586
2024-03-04,0.7896,0.8684
2024-02-26,0.7954,0.8796
2024-02-19,0.7994,0.8847
2024-02-12,0.7798,0.8592
2024-02-05,0.7689,0.8462
2024-01-29,0.7567,0.8309
2024-01-22,0.7288,0.8040
2024-01-15,0.7215,0.7961
2024-01-08,0.7254,0.8011
2024-01-01,0.7241,0.8012
2023-12-25,0.7191,0.8023
2023-12-18,0.7191,0.8023
2023-12-11,0.7307,0.8201
2023-12-04,0.7446,0.8362
2023-11-27,0.7514,0.8460
2023-11-20,0.7599,0.8552
2023-11-13,0.7757,0.8779
2023-11-06,0.7914,0.8971
2023-10-30,0.8067,0.9116
2023-10-23,0.8253,0.9266
2023-10-16,0.8443,0.9378
2023-10-09,0.8804,0.9577
2023-10-02,0.9040,0.9663
2023-09-25,0.9125,0.9713
2023-09-18,0.9087,0.9597
2023-09-11,0.8860,0.9209
2023-09-04,0.8736,0.9036
2023-08-28,0.8681,0.8968
2023-08-21,0.8668,0.8952
2023-08-14,0.8610,0.8807
2023-08-07,0.8529,0.8551
2023-07-31,0.8273,0.8138
2023-07-24,0.7995,0.7839
2023-07-17,0.7959,0.7787
2023-07-10,0.7838,0.7627
2023-07-03,0.7851,0.7638
2023-06-26,0.7900,0.7681
2023-06-19,0.7806,0.7575
2023-06-12,0.7728,0.7502
2023-06-05,0.7652,0.7444
2023-05-29,0.7621,0.7451
2023-05-22,0.7532,0.7353
2023-05-15,0.7565,0.7385
2023-05-08,0.7755,0.7595
2023-05-01,0.7942,0.7849
2023-04-24,0.8109,0.8134
2023-04-17,0.8173,0.8305
2023-04-10,0.8087,0.8311
2023-04-03,0.7947,0.8307
2023-03-27,0.7887,0.8586
2023-03-20,0.7924,0.8595
2023-03-13,0.7961,0.8683
2023-03-06,0.7903,0.8654
2023-02-27,0.7933,0.8758
2023-02-20,0.7962,0.8880
2023-02-13,0.7960,0.9016
2023-02-06,0.8063,0.9375
2023-01-30,0.8055,0.9501
2023-01-23,0.7712,0.9196
2023-01-16,0.7581,0.9102
2023-01-09,0.7569,0.9139
2023-01-02,0.7692,0.9325
2022-12-26,0.7538,0.9177
2022-12-19,0.7847,0.9401
2022-12-12,0.8164,0.9835
2022-12-05,0.9064,1.0791
2022-11-28,0.8821,1.0653
2022-11-21,0.9127,1.1161
2022-11-14,0.9232,1.1510
2022-11-07,0.9050,1.1560
2022-10-31,0.8968,1.1617
2022-10-24,0.9079,1.1737
2022-10-17,0.9131,1.1758
2022-10-10,0.8821,1.0990
2022-10-03,0.8600,1.0575
2022-09-26,0.8791,1.0766
2022-09-19,0.9081,1.1105
2022-09-12,0.9333,1.1308
2022-09-05,0.9532,1.1395
2022-08-29,0.9654,1.1151
2022-08-22,0.9555,1.0624
2022-08-15,0.9726,1.0724
2022-08-08,1.0221,1.1173
2022-08-01,1.0602,1.1503
2022-07-25,1.1097,1.1854
2022-07-18,1.1517,1.2235
2022-07-11,1.1843,1.2569
2022-07-04,1.2143,1.2904
2022-06-27,1.2216,1.2997
2022-06-20,1.2130,1.2769
2022-06-13,1.1726,1.2189
2022-06-06,1.1122,1.1502
2022-05-30,1.0671,1.1185
2022-05-23,1.0569,1.1244
2022-05-16,1.0160,1.1309
2022-05-09,1.0038,1.1331
2022-05-02,0.9792,1.1007
2022-04-25,0.9694,1.0813
2022-04-11,0.9686,1.0757
2022-04-04,0.9910,1.0983
2022-03-28,1.0548,1.1555
2022-03-21,1.0234,1.1240
2022-03-14,1.0622,1.1487
2022-03-07,0.8725,0.8821
2022-02-28,0.8034,0.8092
2022-02-21,0.7879,0.7944
2022-02-14,0.7759,0.7828
2022-02-07,0.7629,0.7683
2022-01-31,0.7443,0.7492
2022-01-24,0.7295,0.7327
2022-01-17,0.7096,0.7107
2022-01-10,0.6924,0.6924
2022-01-03,0.6839,0.6842
2021-12-20,0.6835,0.6835
2021-12-13,0.6858,0.6862
2021-12-06,0.6920,0.6922
2021-11-29,0.7001,0.7002
2021-11-22,0.7035,0.7034
2021-11-15,0.7057,0.7047
2021-11-08,0.7067,0.7054
2021-11-01,0.7054,0.7048
2021-10-25,0.7026,0.7006
2021-10-18,0.6928,0.6885
2021-10-11,0.6758,0.6671
2021-10-04,0.6543,0.6422
2021-09-27,0.6457,0.6314
2021-09-20,0.6410,0.6258
2021-09-13,0.6340,0.6204
2021-09-06,0.6283,0.6155
2021-08-30,0.6242,0.6121
2021-08-23,0.6260,0.6149
2021-08-16,0.6291,0.6185
2021-08-09,0.6301,0.6203
2021-08-02,0.6286,0.6204
2021-07-26,0.6270,0.6208
2021-07-19,0.6284,0.6226
2021-07-12,0.6237,0.6186
2021-07-05,0.6112,0.6076
2021-06-28,0.6032,0.6004
2021-06-21,0.5949,0.5909
2021-06-14,0.5875,0.5833
2021-06-07,0.5823,0.5773
2021-05-31,0.5749,0.5695
2021-05-24,0.5768,0.5722
2021-05-17,0.5774,0.5733
2021-05-10,0.5731,0.5688
2021-05-03,0.5658,0.5620
2021-04-26,0.5642,0.5610
2021-04-19,0.5621,0.5594
2021-04-12,0.5614,0.5590
2021-03-29,0.5629,0.5632
2021-03-22,0.5657,0.5670
2021-03-15,0.5553,0.5597
2021-03-08,0.5418,0.5475
2021-03-01,0.5311,0.5371
2021-02-22,0.5163,0.5227
2021-02-15,0.5015,0.5080
2021-02-08,0.4920,0.4979
2021-02-01,0.4847,0.4896
2021-01-25,0.4816,0.4863
2021-01-18,0.4732,0.4805
2021-01-11,0.4602,0.4686
2020-12-21,0.4417,0.4517
2020-12-14,0.4294,0.4386
2020-12-07,0.4268,0.4349
2020-11-30,0.4221,0.4279
2020-11-23,0.4136,0.4188
2020-11-16,0.4072,0.4115
2020-11-09,0.4014,0.4061
2020-11-02,0.4059,0.4111
2020-10-26,0.4091,0.4142
2020-10-19,0.4102,0.4158
2020-10-12,0.4098,0.4162
2020-10-05,0.4095,0.4176
2020-09-28,0.4106,0.4194
2020-09-21,0.4099,0.4215
2020-09-14,0.4126,0.4271
2020-09-07,0.4179,0.4331
2020-08-31,0.4192,0.4360
2020-08-24,0.4189,0.4363
2020-08-17,0.4177,0.4355
2020-08-10,0.4172,0.4353
2020-08-03,0.4205,0.4386
2020-07-27,0.4221,0.4398
2020-07-20,0.4229,0.4407
2020-07-13,0.4223,0.4402
2020-07-06,0.4198,0.4382
2020-06-29,0.4185,0.4363
2020-06-22,0.4072,0.4261
2020-06-15,0.4009,0.4207
2020-06-08,0.3954,0.4157
2020-06-01,0.3958,0.4161
2020-05-25,0.3919,0.4124
2020-05-18,0.3837,0.4051
2020-05-11,0.3880,0.4095
2020-05-04,0.3981,0.4213
2020-04-27,0.4123,0.4376
2020-04-20,0.4284,0.4534
2020-04-06,0.4493,0.4711
2020-03-30,0.4655,0.4874
2020-03-23,0.4826,0.5043
2020-03-16,0.4983,0.5212
2020-03-09,0.5194,0.5418
2020-03-02,0.5340,0.5565
2020-02-24,0.5384,0.5625
2020-02-17,0.5397,0.5640
2020-02-10,0.5459,0.5717
2020-02-03,0.5589,0.5867
2020-01-27,0.5725,0.5976
2020-01-20,0.5725,0.6027
2020-01-13,0.5780,0.6067
2020-01-06,0.5750,0.6033
2019-12-16,0.5650,0.5911
2019-12-09,0.5670,0.5925
2019-12-02,0.5673,0.5927
2019-11-25,0.5638,0.5877
2019-11-18,0.5616,0.5875
2019-11-11,0.5615,0.5878
2019-11-04,0.5605,0.5869
2019-10-28,0.5600,0.5858
2019-10-21,0.5621,0.5875
2019-10-14,0.5659,0.5899
2019-10-07,0.5712,0.5950
2019-09-30,0.5765,0.6004
2019-09-23,0.5746,0.5982
2019-09-16,0.5589,0.5819
2019-09-09,0.5545,0.5752
2019-09-02,0.5553,0.5752
2019-08-26,0.5574,0.5767
2019-08-19,0.5600,0.5783
2019-08-12,0.5666,0.5850
2019-08-05,0.5768,0.5947
2019-07-29,0.5765,0.5943
2019-07-22,0.5830,0.6015
2019-07-15,0.5804,0.5994
2019-07-08,0.5752,0.5965
2019-07-01,0.5739,0.5948
2019-06-24,0.5749,0.5963
2019-06-17,0.5796,0.6013
2019-06-10,0.5880,0.6100
2019-06-03,0.6010,0.6239
2019-05-27,0.6086,0.6323
2019-05-20,0.6029,0.6267
2019-05-13,0.6042,0.6271
2019-05-06,0.6059,0.6277
2019-04-29,0.6043,0.6283
2019-04-15,0.5869,0.6166
2019-04-08,0.5737,0.6114
2019-04-01,0.5614,0.6102
2019-03-25,0.5526,0.6098
2019-03-18,0.5454,0.6091
2019-03-11,0.5410,0.6065
2019-03-04,0.5358,0.6014
2019-02-25,0.5295,0.5956
2019-02-18,0.5157,0.5809
2019-02-11,0.5079,0.5725
2019-02-04,0.5006,0.5675
2019-01-28,0.4966,0.5635
2019-01-21,0.4942,0.5599
2019-01-14,0.4868,0.5515
2019-01-07,0.4896,0.5538
2018-12-17,0.5178,0.5801
2018-12-10,0.5286,0.5914
2018-12-03,0.5546,0.6133
2018-11-26,0.5795,0.6339
2018-11-19,0.5990,0.6480
2018-11-12,0.6133,0.6567
2018-11-05,0.6235,0.6631
2018-10-29,0.6287,0.6656
2018-10-22,0.6332,0.6671
2018-10-15,0.6364,0.6658
2018-10-08,0.6303,0.6518
2018-10-01,0.6193,0.6354
2018-09-24,0.6173,0.6325
2018-09-17,0.6181,0.6329
2018-09-10,0.6179,0.6322
2018-09-03,0.6107,0.6229
2018-08-27,0.6068,0.6177
2018-08-20,0.6059,0.6163
2018-08-13,0.6071,0.6169
2018-08-06,0.6067,0.6172
2018-07-30,0.6058,0.6165
2018-07-23,0.6071,0.6179
2018-07-16,0.6096,0.6211
2018-07-09,0.6099,0.6219
2018-07-02,0.6095,0.6216
2018-06-25,0.6132,0.6255
2018-06-18,0.6202,0.6324
2018-06-11,0.6225,0.6352
2018-06-04,0.6230,0.6356
2018-05-28,0.6179,0.6295
2018-05-21,0.6021,0.6134
2018-05-14,0.5880,0.5985
2018-05-07,0.5770,0.5877
2018-04-30,0.5709,0.5817
2018-04-23,0.5612,0.5713
2018-04-16,0.5527,0.5624
2018-04-09,0.5472,0.5568
2018-03-26,0.5397,0.5489
2018-03-19,0.5373,0.5460
2018-03-12,0.5395,0.5485
2018-03-05,0.5412,0.5504
2018-02-26,0.5394,0.5454
2018-02-19,0.5449,0.5502
2018-02-12,0.5584,0.5656
2018-02-05,0.5613,0.5691
2018-01-29,0.5608,0.5693
2018-01-22,0.5596,0.5683
2018-01-15,0.5557,0.5639
2018-01-08,0.5515,0.5594
2018-01-01,0.5458,0.5519
2017-12-18,0.5415,0.5468
2017-12-11,0.5368,0.5410
2017-12-04,0.5387,0.5430
2017-11-27,0.5385,0.5423
2017-11-20,0.5403,0.5443
2017-11-13,0.5373,0.5413
2017-11-06,0.5281,0.5316
2017-10-30,0.5210,0.5222
2017-10-23,0.5206,0.5207
2017-10-16,0.5209,0.5160
2017-10-09,0.5222,0.5177
2017-10-02,0.5220,0.5161
2017-09-25,0.5188,0.5082
2017-09-18,0.5216,0.5100
2017-09-11,0.5203,0.5046
2017-09-04,0.5082,0.4961
2017-08-28,0.5005,0.4924
2017-08-21,0.5006,0.4932
2017-08-14,0.4999,0.4922
2017-08-07,0.4988,0.4907
2017-07-31,0.4964,0.4821
2017-07-24,0.4928,0.4784
2017-07-17,0.4907,0.4766
2017-07-10,0.4935,0.4797
2017-07-03,0.4921,0.4788
2017-06-26,0.4931,0.4823
2017-06-19,0.5035,0.4915
2017-06-12,0.5109,0.4984
2017-06-05,0.5170,0.5061
2017-05-29,0.5206,0.5104
2017-05-22,0.5218,0.5105
2017-05-15,0.5251,0.5128
2017-05-08,0.5336,0.5233
2017-05-01,0.5469,0.5347
2017-04-24,0.5497,0.5387
2017-04-10,0.5323,0.5241
2017-04-03,0.5233,0.5162
2017-03-27,0.5274,0.5197
2017-03-20,0.5331,0.5249
2017-03-13,0.5412,0.5318
2017-03-06,0.5464,0.5331
2017-02-27,0.5464,0.5326
2017-02-20,0.5463,0.5323
2017-02-13,0.5417,0.5301
2017-02-06,0.5388,0.5282
2017-01-30,0.5370,0.5264
2017-01-23,0.5378,0.5280
2017-01-16,0.5400,0.5302
2017-01-09,0.5421,0.5342
2017-01-02,0.5302,0.5235
2016-12-19,0.5084,0.5048
2016-12-12,0.5006,0.4892
2016-12-05,0.4836,0.4749
2016-11-28,0.4750,0.4653
2016-11-21,0.4670,0.4573
2016-11-14,0.4797,0.4674
2016-11-07,0.4905,0.4803
2016-10-31,0.4969,0.4814
2016-10-24,0.4906,0.4773
2016-10-17,0.4871,0.4729
2016-10-10,0.4775,0.4632
2016-10-03,0.4654,0.4502
2016-09-26,0.4617,0.4456
2016-09-19,0.4617,0.4461
2016-09-12,0.4618,0.4474
2016-09-05,0.4657,0.4521
2016-08-29,0.4640,0.4538
2016-08-22,0.4530,0.4406
2016-08-15,0.4409,0.4338
2016-08-08,0.4376,0.4335
2016-08-01,0.4458,0.4395
2016-07-25,0.4556,0.4477
2016-07-18,0.4591,0.4513
2016-07-11,0.4681,0.4552
2016-07-04,0.4751,0.4580
2016-06-27,0.4773,0.4606
2016-06-20,0.4798,0.4627
2016-06-13,0.4847,0.4640
2016-06-06,0.4884,0.4653
2016-05-30,0.4820,0.4562
2016-05-23,0.4711,0.4395
2016-05-16,0.4565,0.4223
2016-05-09,0.4590,0.4267
2016-05-02,0.4576,0.4196
2016-04-25,0.4509,0.4049
2016-04-18,0.4406,0.3936
2016-04-11,0.4284,0.3872
2016-04-04,0.4301,0.4018
2016-03-21,0.4246,0.4016
2016-03-14,0.4122,0.3906
2016-03-07,0.3951,0.3722
2016-02-29,0.3874,0.3657
2016-02-22,0.3878,0.3597
2016-02-15,0.3974,0.3604
2016-02-08,0.4129,0.3642
2016-02-01,0.4089,0.3548
2016-01-25,0.4127,0.3629
2016-01-18,0.4268,0.3842
2016-01-11,0.4410,0.4050
2016-01-04,0.4438,0.4122
2015-12-14,0.4610,0.4579
2015-12-07,0.4684,0.4753
2015-11-30,0.4663,0.4797
2015-11-23,0.4604,0.4763
2015-11-16,0.4690,0.4846
2015-11-09,0.4705,0.4856
2015-11-02,0.4649,0.4796
2015-10-26,0.4694,0.4801
2015-10-19,0.4818,0.4892
2015-10-12,0.4851,0.4921
2015-10-05,0.4790,0.4885
2015-09-28,0.4833,0.4910
2015-09-21,0.4911,0.4965
2015-09-14,0.5031,0.5052
2015-09-07,0.4996,0.4951
2015-08-31,0.5061,0.4900
2015-08-24,0.5363,0.5150
2015-08-17,0.5530,0.5266
2015-08-10,0.5619,0.5319
2015-08-03,0.5770,0.5443
2015-07-27,0.5965,0.5571
2015-07-20,0.6075,0.5695
2015-07-13,0.6061,0.5739
2015-07-06,0.6037,0.5796
2015-06-29,0.6059,0.5823
2015-06-22,0.6089,0.5902
2015-06-15,0.6021,0.5909
2015-06-08,0.5987,0.5975
2015-06-01,0.5963,0.5995
2015-05-25,0.5947,0.5975
2015-05-18,0.5963,0.5981
2015-05-11,0.5968,0.5972
2015-05-04,0.5918,0.5922
2015-04-27,0.5845,0.5857
2015-04-20,0.5706,0.5729
2015-04-13,0.5623,0.5644
2015-03-30,0.5651,0.5718
2015-03-23,0.5652,0.5764
2015-03-16,0.5631,0.5855
2015-03-09,0.5522,0.5862
2015-03-02,0.5395,0.5795
2015-02-23,0.5287,0.5683
2015-02-16,0.5123,0.5498
2015-02-09,0.4825,0.5201
2015-02-02,0.4566,0.4942
2015-01-26,0.4495,0.4875
2015-01-19,0.4587,0.4973
2015-01-12,0.4788,0.5202
2015-01-05,0.5058,0.5512
2014-12-15,0.5527,0.5873
2014-12-08,0.5771,0.6145
2014-12-01,0.6001,0.6356
2014-11-24,0.6091,0.6435
2014-11-17,0.6199,0.6515
2014-11-10,0.6276,0.6558
2014-11-03,0.6347,0.6611
2014-10-27,0.6470,0.6672
2014-10-20,0.6610,0.6771
2014-10-13,0.6771,0.6907
2014-10-06,0.6812,0.6966
2014-09-29,0.6825,0.6975
2014-09-22,0.6873,0.7015
2014-09-15,0.6913,0.7042
2014-09-08,0.6929,0.7052
2014-09-01,0.6949,0.7060
2014-08-25,0.6964,0.7066
2014-08-18,0.7026,0.7094
2014-08-11,0.7048,0.7104
2014-08-04,0.7079,0.7106
2014-07-28,0.7101,0.7103
2014-07-21,0.7108,0.7134
2014-07-14,0.7145,0.7226
2014-07-07,0.7138,0.7272
2014-06-30,0.7113,0.7266
2014-06-23,0.7064,0.7224
2014-06-16,0.6966,0.7158
2014-06-09,0.6956,0.7154
2014-06-02,0.6948,0.7172
2014-05-26,0.6949,0.7158
2014-05-19,0.6912,0.7140
2014-05-12,0.6924,0.7162
2014-05-05,0.6946,0.7195
2014-04-28,0.6934,0.7188
2014-04-14,0.6836,0.7151
2014-04-07,0.6814,0.7142
2014-03-31,0.6745,0.7104
2014-03-24,0.6664,0.7048
2014-03-17,0.6732,0.7141
2014-03-10,0.6767,0.7207
2014-03-03,0.6773,0.7210
2014-02-24,0.6797,0.7243
2014-02-17,0.6771,0.7252
2014-02-10,0.6741,0.7239
2014-02-03,0.6766,0.7263
2014-01-27,0.6776,0.7264
2014-01-20,0.6801,0.7285
2014-01-13,0.6836,0.7348
2014-01-06,0.6890,0.7405
2013-12-16,0.6881,0.7399
2013-12-09,0.6883,0.7413
2013-12-02,0.6863,0.7406
2013-11-25,0.6766,0.7321
2013-11-18,0.6665,0.7231
2013-11-11,0.6654,0.7214
2013-11-04,0.6656,0.7219
2013-10-28,0.6792,0.7353
2013-10-21,0.6869,0.7419
2013-10-14,0.6885,0.7433
2013-10-07,0.6925,0.7458
2013-09-30,0.7043,0.7565
2013-09-23,0.7211,0.7690
2013-09-16,0.7393,0.7724
2013-09-09,0.7477,0.7716
2013-09-02,0.7440,0.7626
2013-08-26,0.7336,0.7545
2013-08-19,0.7278,0.7487
2013-08-12,0.7334,0.7531
2013-08-05,0.7342,0.7542
2013-07-29,0.7355,0.7551
2013-07-22,0.7356,0.7555
2013-07-15,0.7279,0.7485
2013-07-08,0.7102,0.7313
2013-07-01,0.7055,0.7262
2013-06-24,0.7031,0.7259
2013-06-17,0.7023,0.7231
2013-06-10,0.7059,0.7270
2013-06-03,0.7067,0.7307
2013-05-27,0.7038,0.7281
2013-05-20,0.6907,0.7173
2013-05-13,0.6847,0.7092
2013-05-06,0.6874,0.7119
2013-04-29,0.6858,0.7116
2013-04-22,0.6954,0.7228
2013-04-15,0.7204,0.7452
2013-04-08,0.7353,0.7605
2013-03-25,0.7430,0.7702
2013-03-18,0.7495,0.7768
2013-03-11,0.7624,0.7863
2013-03-04,0.7672,0.7925
2013-02-25,0.7678,0.7966
2013-02-18,0.7559,0.7917
2013-02-11,0.7413,0.7850
2013-02-04,0.7299,0.7829
2013-01-28,0.7190,0.7801
2013-01-21,0.7115,0.7736
2013-01-14,0.7255,0.7878
2013-01-07,0.7190,0.7868
2012-12-17,0.7141,0.7854
2012-12-10,0.7117,0.7869
2012-12-03,0.7180,0.7941
2012-11-26,0.7217,0.7977
2012-11-19,0.7176,0.7938
2012-11-12,0.7150,0.7916
2012-11-05,0.7289,0.8006
2012-10-29,0.7554,0.8138
2012-10-22,0.7797,0.8266
2012-10-15,0.7967,0.8289
2012-10-08,0.7896,0.8245
2012-10-01,0.7965,0.8261
2012-09-24,0.7970,0.8267
2012-09-17,0.8234,0.8480
2012-09-10,0.8334,0.8519
2012-09-03,0.8176,0.8371
2012-08-27,0.8172,0.8365
2012-08-20,0.7984,0.8209
2012-08-13,0.7694,0.7969
2012-08-06,0.7518,0.7829
2012-07-30,0.7464,0.7817
2012-07-23,0.7451,0.7777
2012-07-16,0.7284,0.7494
2012-07-09,0.7165,0.7378
2012-07-02,0.6972,0.7203
2012-06-25,0.7060,0.7279
2012-06-18,0.7265,0.7497
2012-06-11,0.7371,0.7625
2012-06-04,0.7655,0.7938
2012-05-28,0.7628,0.7946
2012-05-21,0.7648,0.7991
2012-05-14,0.7725,0.8073
2012-05-07,0.8090,0.8303
2012-04-30,0.8263,0.8344
2012-04-23,0.8279,0.8372
2012-04-16,0.8299,0.8408
2012-04-02,0.8187,0.8433
2012-03-26,0.8075,0.8413
2012-03-19,0.7985,0.8370
2012-03-12,0.7864,0.8305
2012-03-05,0.7596,0.8251
2012-02-27,0.7551,0.8225
2012-02-20,0.7441,0.8135
2012-02-13,0.7310,0.8044
2012-02-06,0.7229,0.7973
2012-01-30,0.7153,0.7995
2012-01-23,0.7113,0.8010
2012-01-16,0.7085,0.7965
2012-01-09,0.6958,0.7820
2011-12-19,0.6789,0.7737
2011-12-12,0.6782,0.7773
2011-12-05,0.6798,0.7800
2011-11-28,0.6812,0.7828
2011-11-21,0.6899,0.7793
2011-11-14,0.6958,0.7719
2011-11-07,0.6937,0.7597
2011-10-31,0.7000,0.7587
2011-10-24,0.7067,0.7601
2011-10-17,0.7001,0.7519
2011-10-10,0.6975,0.7506
2011-10-03,0.7043,0.7530
2011-09-26,0.7124,0.7557
2011-09-19,0.7136,0.7533
2011-09-12,0.7122,0.7485
2011-09-05,0.6996,0.7355
2011-08-29,0.6934,0.7292
2011-08-22,0.6942,0.7300
2011-08-08,0.7141,0.7511
2011-08-01,0.7181,0.7561
2011-07-25,0.7120,0.7489
2011-07-18,0.7116,0.7483
2011-07-11,0.7011,0.7354
2011-07-04,0.6832,0.7183
2011-06-27,0.6844,0.7237
2011-06-20,0.7032,0.7461
2011-06-13,0.7042,0.7396
2011-06-06,0.7081,0.7379
2011-05-30,0.7098,0.7389
2011-05-23,0.7106,0.7389
2011-05-16,0.7210,0.7438
2011-05-09,0.7254,0.7575
2011-05-02,0.7224,0.7837
2011-04-18,0.7244,0.7862
2011-04-11,0.7203,0.7835
2011-04-04,0.7052,0.7680
2011-03-28,0.7038,0.7675
2011-03-21,0.7086,0.7647
2011-03-14,0.7122,0.7625
2011-03-07,0.7067,0.7576
2011-02-28,0.6926,0.7371
2011-02-21,0.6649,0.7087
2011-02-14,0.6577,0.7001
2011-02-07,0.6576,0.6994
2011-01-31,0.6575,0.6986
2011-01-24,0.6614,0.7015
2011-01-17,0.6573,0.6940
2011-01-10,0.6399,0.6756
2011-01-03,0.6339,0.6704
2010-12-20,0.6174,0.6541
2010-12-13,0.6188,0.6564
2010-12-06,0.6127,0.6483
2010-11-29,0.5901,0.6273
2010-11-22,0.5836,0.6177
2010-11-15,0.5872,0.6236
2010-11-08,0.5726,0.6053
2010-10-25,0.5623,0.5968
2010-10-18,0.5684,0.6013
2010-10-11,0.5647,0.5968
2010-10-04,0.5560,0.5867
2010-09-27,0.5593,0.5903
2010-09-20,0.5733,0.6002
2010-09-13,0.5686,0.5957
2010-09-06,0.5609,0.5844
2010-08-30,0.5613,0.5833
2010-08-23,0.5691,0.5861
2010-08-16,0.5743,0.5875
2010-08-09,0.5750,0.5888
2010-08-02,0.5717,0.5857
2010-07-26,0.5655,0.5783
2010-07-19,0.5740,0.5831
2010-07-12,0.5796,0.5871
2010-07-05,0.5840,0.5933
2010-06-28,0.5991,0.6169
2010-06-21,0.5957,0.6201
2010-06-14,0.5828,0.6100
2010-06-07,0.5795,0.6019
2010-05-31,0.5688,0.5904
2010-05-24,0.5798,0.5996
2010-05-17,0.5982,0.6195
2010-05-10,0.6024,0.6151
2010-05-03,0.6065,0.6167
2010-04-26,0.5941,0.6023
2010-04-19,0.5961,0.5963
2010-04-12,0.5965,0.5936
2010-03-29,0.5839,0.5786
2010-03-22,0.5831,0.5777
2010-03-15,0.5720,0.5683
2010-03-08,0.5630,0.5618
2010-03-01,0.5470,0.5611
2010-02-22,0.5286,0.5396
2010-02-15,0.5252,0.5230
2010-02-08,0.5367,0.5295
2010-02-01,0.5298,0.5237
2010-01-25,0.5309,0.5330
2010-01-18,0.5326,0.5416
2010-01-11,0.5283,0.5378
2010-01-04,0.5143,0.5232
2009-12-21,0.4893,0.5048
2009-12-14,0.4946,0.5011
2009-12-07,0.5036,0.5087
2009-11-30,0.5037,0.5082
2009-11-23,0.5100,0.5142
2009-11-16,0.5048,0.5075
2009-11-09,0.5136,0.5182
2009-11-02,0.5151,0.5225
2009-10-26,0.5081,0.5158
2009-10-19,0.4897,0.4991
2009-10-12,0.4786,0.4825
2009-10-05,0.4663,0.4763
2009-09-28,0.4702,0.4734
2009-09-21,0.4920,0.4865
2009-09-14,0.4944,0.4878
2009-09-07,0.4960,0.4894
2009-08-31,0.5127,0.5077
2009-08-24,0.5162,0.5094
2009-08-17,0.5226,0.5134
2009-08-10,0.5255,0.5164
2009-08-03,0.5027,0.4970
2009-07-27,0.5022,0.4960
2009-07-20,0.4787,0.4644
2009-07-13,0.4856,0.4726
2009-07-06,0.5022,0.4905
2009-06-29,0.5122,0.4950
2009-06-22,0.5327,0.5087
2009-06-15,0.5236,0.5016
2009-06-08,0.5055,0.4854
2009-06-01,0.4992,0.4642
2009-05-25,0.4885,0.4604
2009-05-18,0.4644,0.4654
2009-05-11,0.4605,0.4696
2009-05-04,0.4221,0.4536
2009-04-27,0.4340,0.4563
2009-04-20,0.4329,0.4535
2009-04-06,0.4159,0.4373
2009-03-30,0.4247,0.4449
2009-03-23,0.4064,0.4324
2009-03-16,0.4068,0.4260
2009-03-09,0.4032,0.4254
2009-03-02,0.3995,0.4277
2009-02-23,0.3887,0.4380
2009-02-16,0.3816,0.4613
2009-02-09,0.3877,0.4653
2009-02-02,0.3895,0.4625
2009-01-26,0.3830,0.4612
2009-01-19,0.3797,0.4688
2009-01-12,0.3634,0.4538
2009-01-05,0.3382,0.4291
2008-12-15,0.3648,0.4772
2008-12-08,0.3758,0.5045
2008-12-01,0.3918,0.5285
2008-11-24,0.3978,0.5342
2008-11-17,0.4358,0.5709
2008-11-10,0.4548,0.5853
2008-11-03,0.4824,0.5915
2008-10-27,0.4914,0.6039
2008-10-20,0.5134,0.6209
2008-10-13,0.5623,0.6585
2008-10-06,0.6059,0.7100
2008-09-29,0.6138,0.7126
2008-09-22,0.6072,0.7047
2008-09-15,0.6398,0.7235
2008-09-08,0.6407,0.7408
2008-09-01,0.6478,0.7570
2008-08-25,0.6446,0.7589
2008-08-18,0.6431,0.7591
2008-08-11,0.6470,0.7669
2008-08-04,0.6589,0.7956
2008-07-28,0.6774,0.8143
2008-07-21,0.7061,0.8428
2008-07-14,0.7130,0.8507
2008-07-07,0.7096,0.8471
2008-06-30,0.7068,0.8441
2008-06-23,0.7069,0.8442
2008-06-16,0.7065,0.8440
2008-06-09,0.6883,0.8252
2008-06-02,0.6830,0.8188
2008-05-26,0.6836,0.8216
2008-05-19,0.6636,0.7995
2008-05-12,0.6519,0.7817
2008-05-05,0.6290,0.7531
2008-04-28,0.6160,0.7414
2008-04-21,0.6034,0.7325
2008-04-14,0.6032,0.7155
2008-04-07,0.5897,0.6992
2008-03-31,0.5888,0.6996
2008-03-17,0.5906,0.7012
2008-03-10,0.5933,0.6812
2008-03-03,0.5930,0.6715
2008-02-25,0.5902,0.6679
2008-02-18,0.5752,0.6427
2008-02-11,0.5630,0.6260
2008-02-04,0.5634,0.6260
2008-01-28,0.5625,0.6227
2008-01-21,0.5660,0.6274
2008-01-14,0.5793,0.6497
2008-01-07,0.5837,0.6569
2007-12-17,0.5682,0.6448
2007-12-10,0.5710,0.6520
2007-12-03,0.5722,0.6533
2007-11-26,0.5726,0.6513
2007-11-19,0.5697,0.6305
2007-11-12,0.5664,0.6265
2007-11-05,0.5457,0.6015
2007-10-29,0.5352,0.5885
2007-10-22,0.5305,0.5833
2007-10-15,0.5292,0.5798
2007-10-08,0.5289,0.5798
2007-10-01,0.5311,0.5796
2007-09-24,0.5304,0.5749
2007-09-17,0.5256,0.5675
2007-09-10,0.5267,0.5549
2007-09-03,0.5176,0.5501
2007-08-27,0.5140,0.5474
2007-08-20,0.5203,0.5532
2007-08-13,0.5213,0.5557
2007-08-06,0.5468,0.5622
2007-07-30,0.5598,0.5541
2007-07-23,0.5666,0.5473
2007-07-16,0.5684,0.5473
2007-07-09,0.5630,0.5425
2007-07-02,0.5619,0.5418
2007-06-25,0.5618,0.5406
2007-06-18,0.5578,0.5369
2007-06-11,0.5578,0.5360
2007-06-04,0.5559,0.5335
2007-05-28,0.5549,0.5334
2007-05-21,0.5415,0.5272
2007-05-14,0.5300,0.5248
2007-05-07,0.5272,0.5251
2007-04-30,0.5140,0.5246
2007-04-23,0.5023,0.5241
2007-04-16,0.4995,0.5234
2007-04-02,0.4830,0.5122
2007-03-26,0.4697,0.5077
2007-03-19,0.4700,0.5081
2007-03-12,0.4704,0.5081
2007-03-05,0.4622,0.5005
2007-02-26,0.4541,0.4989
2007-02-19,0.4372,0.4857
2007-02-12,0.4367,0.4854
2007-02-05,0.4348,0.4834
2007-01-29,0.4345,0.4838
2007-01-22,0.4350,0.4839
2007-01-15,0.4424,0.4990
2007-01-08,0.4516,0.5126
2006-12-18,0.4520,0.5122
2006-12-11,0.4520,0.5122
2006-12-04,0.4520,0.5122
2006-11-27,0.4517,0.5122
2006-11-20,0.4516,0.5121
2006-11-13,0.4526,0.5141
2006-11-06,0.4527,0.5147
2006-10-30,0.4525,0.5149
2006-10-23,0.4525,0.5148
2006-10-16,0.4525,0.5148
2006-10-09,0.4527,0.5148
2006-10-02,0.4611,0.5263
2006-09-25,0.4623,0.5276
2006-09-18,0.4790,0.5523
2006-09-11,0.4955,0.5683
2006-09-04,0.5138,0.5775
2006-08-28,0.5443,0.5927
2006-08-21,0.5711,0.5928
2006-08-14,0.5939,0.5926
2006-08-07,0.5931,0.5924
2006-07-31,0.5920,0.5924
2006-07-24,0.5922,0.5930
2006-07-17,0.5902,0.5930
2006-07-10,0.5753,0.5886
2006-07-03,0.5644,0.5846
2006-06-26,0.5499,0.5846
2006-06-19,0.5499,0.5846
2006-06-12,0.5499,0.5846
2006-06-05,0.5497,0.5845
2006-05-29,0.5492,0.5841
2006-05-22,0.5504,0.5855
2006-05-15,0.5562,0.5887
2006-05-08,0.5571,0.5975
2006-05-01,0.5544,0.5960
2006-04-24,0.5510,0.5937
2006-04-10,0.5110,0.5617
2006-04-03,0.5082,0.5616
2006-03-27,0.4872,0.5615
2006-03-20,0.4875,0.5613
2006-03-13,0.4827,0.5596
2006-03-06,0.4827,0.5595
2006-02-27,0.4580,0.5353
2006-02-20,0.4596,0.5347
2006-02-13,0.4843,0.5514
2006-02-06,0.4845,0.5514
2006-01-30,0.4863,0.5515
2006-01-23,0.4861,0.5511
2006-01-16,0.4858,0.5512
2006-01-09,0.4824,0.5501
2005-12-19,0.4594,0.5273
2005-12-12,0.4481,0.5160
2005-12-05,0.4420,0.5104
2005-11-28,0.4578,0.5190
2005-11-21,0.4582,0.5190
2005-11-14,0.4743,0.5356
2005-11-07,0.4819,0.5598
2005-10-24,0.5156,0.5938
2005-10-17,0.5477,0.6009
2005-10-10,0.5509,0.6021
2005-10-03,0.5487,0.6012
2005-09-26,0.5139,0.5684
2005-09-19,0.5164,0.5692
2005-09-12,0.5442,0.5927
2005-09-05,0.5251,0.5696
2005-08-29,0.5002,0.5519
2005-08-22,0.4990,0.5514
2005-08-15,0.4746,0.5310
2005-08-08,0.4746,0.5310
2005-08-01,0.4746,0.5304
2005-07-25,0.4741,0.5304
2005-07-18,0.4757,0.5315
2005-07-11,0.4745,0.5303
2005-07-04,0.4742,0.5295
2005-06-27,0.4620,0.5210
2005-06-20,0.4497,0.5070
2005-06-13,0.4496,0.5056
2005-06-06,0.4342,0.4825
2005-05-30,0.4246,0.4642
2005-05-23,0.4246,0.4642
2005-05-16,0.4369,0.4725
2005-05-09,0.4488,0.4809
2005-05-02,0.4651,0.4978
2005-04-25,0.4651,0.5215
2005-04-18,0.4663,0.5227
2005-04-11,0.4663,0.5227
2005-04-04,0.4259,0.4825
2005-03-21,0.4243,0.4811
2005-03-14,0.4243,0.4809
2005-03-07,0.4016,0.4600
2005-02-28,0.3827,0.4394
2005-02-21,0.3881,0.4491
2005-02-14,0.3879,0.4488
2005-02-07,0.3879,0.4490
2005-01-31,0.3848,0.4490
2005-01-24,0.3497,0.4337
2005-01-17,0.3481,0.4337
2005-01-10,0.3480,0.4338
2005-01-03,0.3711,0.4454
