date,benzina_eur_L,diesel_eur_L
2026-03-23,1.7787,2.0232
2026-03-16,1.8192,2.0335
2026-03-09,1.7452,1.8692
2026-03-02,1.6704,1.7207
2026-02-23,1.6546,1.7018
2026-02-16,1.6483,1.6955
2026-02-09,1.6449,1.6910
2026-02-02,1.6416,1.6819
2026-01-26,1.6350,1.6735
2026-01-19,1.6262,1.6607
2026-01-12,1.6273,1.6604
2026-01-05,1.6547,1.6442
2025-12-29,1.6789,1.6286
2025-12-22,1.6900,1.6425
2025-12-15,1.7080,1.6651
2025-12-08,1.7182,1.6843
2025-12-01,1.7272,1.7014
2025-11-24,1.7307,1.7026
2025-11-17,1.7195,1.6828
2025-11-10,1.7055,1.6543
2025-11-03,1.6948,1.6323
2025-10-27,1.6835,1.6088
2025-10-20,1.6903,1.6158
2025-10-13,1.6993,1.6254
2025-10-06,1.7089,1.6360
2025-09-29,1.7117,1.6377
2025-09-22,1.7135,1.6383
2025-09-15,1.7108,1.6348
2025-09-08,1.7053,1.6301
2025-09-01,1.6968,1.6225
2025-08-25,1.6954,1.6220
2025-08-18,1.7013,1.6314
2025-08-11,1.7093,1.6414
2025-08-04,1.7127,1.6489
2025-07-28,1.7206,1.6604
2025-07-21,1.7272,1.6637
2025-07-14,1.7288,1.6628
2025-07-07,1.7335,1.6637
2025-06-30,1.7472,1.6759
2025-06-23,1.7341,1.6431
2025-06-16,1.6966,1.5937
2025-06-09,1.6898,1.5856
2025-06-02,1.6930,1.5916
2025-05-26,1.6978,1.5986
2025-05-19,1.6987,1.5912
2025-05-12,1.6897,1.5786
2025-05-05,1.6968,1.5895
2025-04-28,1.7052,1.5988
2025-04-21,1.7161,1.6097
2025-04-14,1.7387,1.6324
2025-04-07,1.7612,1.6572
2025-03-31,1.7618,1.6595
2025-03-24,1.7673,1.6669
2025-03-17,1.7821,1.6833
2025-03-10,1.8018,1.7038
2025-03-03,1.8161,1.7191
2025-02-24,1.8236,1.7269
2025-02-17,1.8246,1.7273
2025-02-10,1.8235,1.7304
2025-02-03,1.8235,1.7304
2025-01-27,1.8313,1.7395
2025-01-20,1.8231,1.7269
2025-01-13,1.7931,1.6924
2025-01-06,1.7726,1.6719
2024-12-30,1.7567,1.6560
2024-12-23,1.7546,1.6533
2024-12-16,1.7504,1.6478
2024-12-09,1.7571,1.6554
2024-12-02,1.7637,1.6615
2024-11-25,1.7581,1.6489
2024-11-18,1.7539,1.6344
2024-11-11,1.7564,1.6353
2024-11-04,1.7565,1.6319
2024-10-28,1.7621,1.6355
2024-10-21,1.7653,1.6453
2024-10-14,1.7575,1.6400
2024-10-07,1.7314,1.6124
2024-09-30,1.7348,1.6155
2024-09-23,1.7430,1.6222
2024-09-16,1.7594,1.6357
2024-09-09,1.7823,1.6555
2024-09-02,1.7958,1.6681
2024-08-26,1.8110,1.6842
2024-08-19,1.8221,1.6984
2024-08-12,1.8280,1.7052
2024-08-05,1.8386,1.7172
2024-07-29,1.8515,1.7306
2024-07-22,1.8622,1.7424
2024-07-15,1.8698,1.7510
2024-07-08,1.8715,1.7517
2024-07-01,1.8597,1.7375
2024-06-24,1.8456,1.7158
2024-06-17,1.8444,1.6943
2024-06-10,1.8507,1.6950
2024-06-03,1.8651,1.7109
2024-05-27,1.8739,1.7224
2024-05-20,1.8829,1.7333
2024-05-13,1.8986,1.7533
2024-05-06,1.9123,1.7752
2024-04-29,1.9146,1.7899
2024-04-22,1.9205,1.8025
2024-04-15,1.9137,1.8069
2024-04-08,1.9008,1.7988
2024-04-01,1.8872,1.7931
2024-03-25,1.8772,1.8007
2024-03-18,1.8514,1.7900
2024-03-11,1.8527,1.8007
2024-03-04,1.8520,1.8127
2024-02-26,1.8590,1.8264
2024-02-19,1.8639,1.8326
2024-02-12,1.8400,1.8015
2024-02-05,1.8267,1.7856
2024-01-29,1.8119,1.7669
2024-01-22,1.7778,1.7341
2024-01-15,1.7689,1.7245
2024-01-08,1.7737,1.7305
2024-01-01,1.7720,1.7307
2023-12-25,1.7659,1.7321
2023-12-18,1.7659,1.7321
2023-12-11,1.7801,1.7537
2023-12-04,1.7971,1.7734
2023-11-27,1.8053,1.7854
2023-11-20,1.8157,1.7965
2023-11-13,1.8350,1.8243
2023-11-06,1.8542,1.8477
2023-10-30,1.8728,1.8653
2023-10-23,1.8955,1.8837
2023-10-16,1.9187,1.8973
2023-10-09,1.9627,1.9216
2023-10-02,1.9916,1.9321
2023-09-25,2.0019,1.9382
2023-09-18,1.9973,1.9240
2023-09-11,1.9696,1.8767
2023-09-04,1.9545,1.8556
2023-08-28,1.9477,1.8473
2023-08-21,1.9462,1.8453
2023-08-14,1.9391,1.8277
2023-08-07,1.9292,1.7964
2023-07-31,1.8980,1.7461
2023-07-24,1.8640,1.7096
2023-07-17,1.8596,1.7033
2023-07-10,1.8448,1.6838
2023-07-03,1.8465,1.6850
2023-06-26,1.8524,1.6903
2023-06-19,1.8410,1.6773
2023-06-12,1.8314,1.6684
2023-06-05,1.8222,1.6614
2023-05-29,1.8185,1.6623
2023-05-22,1.8075,1.6503
2023-05-15,1.8116,1.6541
2023-05-08,1.8348,1.6799
2023-05-01,1.8575,1.7108
2023-04-24,1.8780,1.7456
2023-04-17,1.8857,1.7665
2023-04-10,1.8753,1.7672
2023-04-03,1.8581,1.7667
2023-03-27,1.8509,1.8007
2023-03-20,1.8553,1.8018
2023-03-13,1.8599,1.8126
2023-03-06,1.8528,1.8091
2023-02-27,1.8565,1.8217
2023-02-20,1.8600,1.8366
2023-02-13,1.8597,1.8532
2023-02-06,1.8724,1.8970
2023-01-30,1.8713,1.9123
2023-01-23,1.8295,1.8751
2023-01-16,1.8136,1.8637
2023-01-09,1.8120,1.8681
2023-01-02,1.8271,1.8908
2022-12-26,1.6252,1.6898
2022-12-19,1.6630,1.7171
2022-12-12,1.7016,1.7701
2022-12-05,1.6894,1.7647
2022-11-28,1.6598,1.7479
2022-11-21,1.6971,1.8099
2022-11-14,1.7099,1.8525
2022-11-07,1.6877,1.8586
2022-10-31,1.6777,1.8655
2022-10-24,1.6912,1.8801
2022-10-17,1.6976,1.8827
2022-10-10,1.6598,1.7890
2022-10-03,1.6328,1.7383
2022-09-26,1.6561,1.7617
2022-09-19,1.6915,1.8031
2022-09-12,1.7222,1.8278
2022-09-05,1.7466,1.8384
2022-08-29,1.7615,1.8087
2022-08-22,1.7493,1.7444
2022-08-15,1.7702,1.7565
2022-08-08,1.8306,1.8113
2022-08-01,1.8772,1.8517
2022-07-25,1.9375,1.8945
2022-07-18,1.9887,1.9409
2022-07-11,2.0284,1.9816
2022-07-04,2.0651,2.0225
2022-06-27,2.0740,2.0338
2022-06-20,2.0635,2.0060
2022-06-13,2.0143,1.9353
2022-06-06,1.9405,1.8515
2022-05-30,1.8855,1.8128
2022-05-23,1.8731,1.8199
2022-05-16,1.8231,1.8280
2022-05-09,1.8083,1.8306
2022-05-02,1.7783,1.7911
2022-04-25,1.7663,1.7674
2022-04-11,1.7654,1.7606
2022-04-04,1.7927,1.7882
2022-03-28,1.8704,1.8579
2022-03-21,2.1372,2.1246
2022-03-14,2.1846,2.1546
2022-03-07,1.9531,1.8293
2022-02-28,1.8689,1.7405
2022-02-21,1.8499,1.7224
2022-02-14,1.8353,1.7082
2022-02-07,1.8193,1.6906
2022-01-31,1.7967,1.6673
2022-01-24,1.7786,1.6471
2022-01-17,1.7543,1.6202
2022-01-10,1.7334,1.5980
2022-01-03,1.7231,1.5879
2021-12-20,1.7225,1.5871
2021-12-13,1.7253,1.5904
2021-12-06,1.7329,1.5978
2021-11-29,1.7428,1.6075
2021-11-22,1.7469,1.6113
2021-11-15,1.7496,1.6129
2021-11-08,1.7508,1.6138
2021-11-01,1.7492,1.6131
2021-10-25,1.7458,1.6079
2021-10-18,1.7338,1.5932
2021-10-11,1.7131,1.5671
2021-10-04,1.6869,1.5367
2021-09-27,1.6764,1.5235
2021-09-20,1.6707,1.5166
2021-09-13,1.6621,1.5101
2021-09-06,1.6552,1.5041
2021-08-30,1.6502,1.5000
2021-08-23,1.6524,1.5034
2021-08-16,1.6562,1.5077
2021-08-09,1.6574,1.5100
2021-08-02,1.6555,1.5102
2021-07-26,1.6536,1.5106
2021-07-19,1.6553,1.5128
2021-07-12,1.6496,1.5079
2021-07-05,1.6343,1.4945
2021-06-28,1.6246,1.4858
2021-06-21,1.6145,1.4742
2021-06-14,1.6055,1.4648
2021-06-07,1.5990,1.4576
2021-05-31,1.5900,1.4480
2021-05-24,1.5924,1.4513
2021-05-17,1.5931,1.4526
2021-05-10,1.5878,1.4472
2021-05-03,1.5789,1.4388
2021-04-26,1.5770,1.4376
2021-04-19,1.5745,1.4357
2021-04-12,1.5735,1.4352
2021-03-29,1.5753,1.4403
2021-03-22,1.5788,1.4450
2021-03-15,1.5662,1.4361
2021-03-08,1.5497,1.4212
2021-03-01,1.5366,1.4084
2021-02-22,1.5185,1.3909
2021-02-15,1.5004,1.3729
2021-02-08,1.4889,1.3607
2021-02-01,1.4800,1.3506
2021-01-25,1.4762,1.3465
2021-01-18,1.4660,1.3395
2021-01-11,1.4501,1.3250
2020-12-21,1.4276,1.3043
2020-12-14,1.4125,1.2883
2020-12-07,1.4093,1.2838
2020-11-30,1.4036,1.2752
2020-11-23,1.3932,1.2641
2020-11-16,1.3855,1.2553
2020-11-09,1.3783,1.2487
2020-11-02,1.3839,1.2548
2020-10-26,1.3877,1.2585
2020-10-19,1.3891,1.2605
2020-10-12,1.3886,1.2610
2020-10-05,1.3882,1.2627
2020-09-28,1.3895,1.2649
2020-09-21,1.3887,1.2674
2020-09-14,1.3920,1.2743
2020-09-07,1.3985,1.2816
2020-08-31,1.4001,1.2852
2020-08-24,1.3997,1.2856
2020-08-17,1.3982,1.2845
2020-08-10,1.3977,1.2843
2020-08-03,1.4017,1.2883
2020-07-27,1.4036,1.2897
2020-07-20,1.4046,1.2908
2020-07-13,1.4038,1.2903
2020-07-06,1.4008,1.2878
2020-06-29,1.3992,1.2855
2020-06-22,1.3854,1.2731
2020-06-15,1.3778,1.2665
2020-06-08,1.3710,1.2604
2020-06-01,1.3715,1.2608
2020-05-25,1.3668,1.2564
2020-05-18,1.3567,1.2474
2020-05-11,1.3620,1.2528
2020-05-04,1.3743,1.2671
2020-04-27,1.3916,1.2871
2020-04-20,1.4113,1.3064
2020-04-06,1.4368,1.3280
2020-03-30,1.4565,1.3478
2020-03-23,1.4775,1.3685
2020-03-16,1.4966,1.3890
2020-03-09,1.5223,1.4142
2020-03-02,1.5402,1.4322
2020-02-24,1.5455,1.4394
2020-02-17,1.5471,1.4414
2020-02-10,1.5547,1.4507
2020-02-03,1.5705,1.4690
2020-01-27,1.5871,1.4823
2020-01-20,1.5871,1.4886
2020-01-13,1.5938,1.4934
2020-01-06,1.5901,1.4892
2019-12-16,1.5780,1.4744
2019-12-09,1.5804,1.4761
2019-12-02,1.5808,1.4763
2019-11-25,1.5765,1.4702
2019-11-18,1.5738,1.4700
2019-11-11,1.5737,1.4703
2019-11-04,1.5724,1.4692
2019-10-28,1.5719,1.4679
2019-10-21,1.5744,1.4699
2019-10-14,1.5791,1.4729
2019-10-07,1.5855,1.4791
2019-09-30,1.5919,1.4857
2019-09-23,1.5897,1.4831
2019-09-16,1.5705,1.4632
2019-09-09,1.5652,1.4550
2019-09-02,1.5661,1.4550
2019-08-26,1.5687,1.4568
2019-08-19,1.5718,1.4588
2019-08-12,1.5799,1.4669
2019-08-05,1.5923,1.4788
2019-07-29,1.5920,1.4783
2019-07-22,1.5999,1.4870
2019-07-15,1.5967,1.4845
2019-07-08,1.5904,1.4809
2019-07-01,1.5888,1.4788
2019-06-24,1.5900,1.4807
2019-06-17,1.5958,1.4868
2019-06-10,1.6059,1.4974
2019-06-03,1.6219,1.5144
2019-05-27,1.6311,1.5246
2019-05-20,1.6242,1.5177
2019-05-13,1.6258,1.5183
2019-05-06,1.6278,1.5191
2019-04-29,1.6259,1.5197
2019-04-15,1.6046,1.5055
2019-04-08,1.5886,1.4992
2019-04-01,1.5736,1.4977
2019-03-25,1.5628,1.4972
2019-03-18,1.5540,1.4964
2019-03-11,1.5487,1.4932
2019-03-04,1.5423,1.4869
2019-02-25,1.5347,1.4798
2019-02-18,1.5178,1.4619
2019-02-11,1.5082,1.4517
2019-02-04,1.4994,1.4456
2019-01-28,1.4945,1.4407
2019-01-21,1.4916,1.4363
2019-01-14,1.4826,1.4260
2019-01-07,1.4860,1.4289
2018-12-17,1.5204,1.4610
2018-12-10,1.5335,1.4747
2018-12-03,1.5653,1.5015
2018-11-26,1.5957,1.5265
2018-11-19,1.6194,1.5438
2018-11-12,1.6369,1.5544
2018-11-05,1.6493,1.5622
2018-10-29,1.6557,1.5653
2018-10-22,1.6612,1.5671
2018-10-15,1.6650,1.5655
2018-10-08,1.6576,1.5484
2018-10-01,1.6442,1.5284
2018-09-24,1.6418,1.5249
2018-09-17,1.6427,1.5254
2018-09-10,1.6425,1.5245
2018-09-03,1.6337,1.5132
2018-08-27,1.6290,1.5069
2018-08-20,1.6279,1.5051
2018-08-13,1.6293,1.5059
2018-08-06,1.6288,1.5062
2018-07-30,1.6277,1.5053
2018-07-23,1.6293,1.5071
2018-07-16,1.6324,1.5109
2018-07-09,1.6327,1.5119
2018-07-02,1.6322,1.5115
2018-06-25,1.6367,1.5163
2018-06-18,1.6453,1.5248
2018-06-11,1.6481,1.5282
2018-06-04,1.6487,1.5287
2018-05-28,1.6424,1.5212
2018-05-21,1.6232,1.5015
2018-05-14,1.6060,1.4834
2018-05-07,1.5926,1.4703
2018-04-30,1.5852,1.4629
2018-04-23,1.5733,1.4502
2018-04-16,1.5630,1.4393
2018-04-09,1.5563,1.4325
2018-03-26,1.5471,1.4228
2018-03-19,1.5442,1.4194
2018-03-12,1.5469,1.4225
2018-03-05,1.5489,1.4247
2018-02-26,1.5467,1.4187
2018-02-19,1.5535,1.4245
2018-02-12,1.5699,1.4433
2018-02-05,1.5734,1.4476
2018-01-29,1.5728,1.4478
2018-01-22,1.5714,1.4465
2018-01-15,1.5666,1.4412
2018-01-08,1.5615,1.4357
2018-01-01,1.5545,1.4266
2017-12-18,1.5493,1.4204
2017-12-11,1.5436,1.4133
2017-12-04,1.5458,1.4157
2017-11-27,1.5456,1.4149
2017-11-20,1.5478,1.4173
2017-11-13,1.5441,1.4136
2017-11-06,1.5329,1.4018
2017-10-30,1.5242,1.3904
2017-10-23,1.5238,1.3885
2017-10-16,1.5241,1.3828
2017-10-09,1.5258,1.3848
2017-10-02,1.5255,1.3828
2017-09-25,1.5215,1.3732
2017-09-18,1.5250,1.3755
2017-09-11,1.5234,1.3689
2017-09-04,1.5087,1.3585
2017-08-28,1.4993,1.3539
2017-08-21,1.4993,1.3550
2017-08-14,1.4985,1.3538
2017-08-07,1.4972,1.3519
2017-07-31,1.4942,1.3415
2017-07-24,1.4898,1.3369
2017-07-17,1.4873,1.3347
2017-07-10,1.4907,1.3384
2017-07-03,1.4890,1.3373
2017-06-26,1.4903,1.3416
2017-06-19,1.5029,1.3529
2017-06-12,1.5119,1.3613
2017-06-05,1.5194,1.3707
2017-05-29,1.5238,1.3759
2017-05-22,1.5252,1.3760
2017-05-15,1.5292,1.3788
2017-05-08,1.5397,1.3917
2017-05-01,1.5558,1.4055
2017-04-24,1.5593,1.4105
2017-04-10,1.5381,1.3926
2017-04-03,1.5271,1.3830
2017-03-27,1.5321,1.3873
2017-03-20,1.5390,1.3936
2017-03-13,1.5489,1.4020
2017-03-06,1.5552,1.4036
2017-02-27,1.5552,1.4030
2017-02-20,1.5551,1.4027
2017-02-13,1.5495,1.4000
2017-02-06,1.5460,1.3976
2017-01-30,1.5437,1.3955
2017-01-23,1.5448,1.3973
2017-01-16,1.5475,1.4001
2017-01-09,1.5500,1.4049
2017-01-02,1.5355,1.3919
2016-12-19,1.5089,1.3691
2016-12-12,1.4993,1.3500
2016-12-05,1.4786,1.3327
2016-11-28,1.4681,1.3209
2016-11-21,1.4584,1.3111
2016-11-14,1.4739,1.3235
2016-11-07,1.4871,1.3392
2016-10-31,1.4948,1.3405
2016-10-24,1.4872,1.3355
2016-10-17,1.4829,1.3302
2016-10-10,1.4712,1.3184
2016-10-03,1.4564,1.3024
2016-09-26,1.4519,1.2968
2016-09-19,1.4519,1.2975
2016-09-12,1.4520,1.2991
2016-09-05,1.4568,1.3048
2016-08-29,1.4548,1.3068
2016-08-22,1.4413,1.2907
2016-08-15,1.4265,1.2825
2016-08-08,1.4225,1.2821
2016-08-01,1.4325,1.2894
2016-07-25,1.4445,1.2995
2016-07-18,1.4487,1.3038
2016-07-11,1.4597,1.3085
2016-07-04,1.4683,1.3120
2016-06-27,1.4710,1.3151
2016-06-20,1.4740,1.3178
2016-06-13,1.4800,1.3193
2016-06-06,1.4845,1.3209
2016-05-30,1.4767,1.3098
2016-05-23,1.4634,1.2895
2016-05-16,1.4455,1.2685
2016-05-09,1.4486,1.2738
2016-05-02,1.4470,1.2651
2016-04-25,1.4387,1.2471
2016-04-18,1.4262,1.2335
2016-04-11,1.4112,1.2256
2016-04-04,1.4134,1.2434
2016-03-21,1.4067,1.2432
2016-03-14,1.3915,1.2297
2016-03-07,1.3706,1.2073
2016-02-29,1.3612,1.1994
2016-02-22,1.3618,1.1920
2016-02-15,1.3735,1.1930
2016-02-08,1.3924,1.1975
2016-02-01,1.3875,1.1861
2016-01-25,1.3921,1.1960
2016-01-18,1.4094,1.2219
2016-01-11,1.4267,1.2473
2016-01-04,1.4301,1.2561
2015-12-14,1.4511,1.3118
2015-12-07,1.4602,1.3331
2015-11-30,1.4575,1.3385
2015-11-23,1.4503,1.3343
2015-11-16,1.4608,1.3444
2015-11-09,1.4627,1.3457
2015-11-02,1.4558,1.3383
2015-10-26,1.4613,1.3390
2015-10-19,1.4764,1.3500
2015-10-12,1.4805,1.3536
2015-10-05,1.4730,1.3492
2015-09-28,1.4782,1.3522
2015-09-21,1.4877,1.3590
2015-09-14,1.5025,1.3696
2015-09-07,1.4982,1.3572
2015-08-31,1.5061,1.3511
2015-08-24,1.5429,1.3815
2015-08-17,1.5633,1.3957
2015-08-10,1.5742,1.4022
2015-08-03,1.5926,1.4172
2015-07-27,1.6164,1.4329
2015-07-20,1.6298,1.4480
2015-07-13,1.6280,1.4534
2015-07-06,1.6252,1.4603
2015-06-29,1.6279,1.4636
2015-06-22,1.6315,1.4732
2015-06-15,1.6232,1.4742
2015-06-08,1.6190,1.4822
2015-06-01,1.6162,1.4846
2015-05-25,1.6142,1.4822
2015-05-18,1.6161,1.4829
2015-05-11,1.6167,1.4818
2015-05-04,1.6106,1.4758
2015-04-27,1.6018,1.4678
2015-04-20,1.5847,1.4522
2015-04-13,1.5747,1.4418
2015-03-30,1.5780,1.4509
2015-03-23,1.5782,1.4565
2015-03-16,1.5756,1.4675
2015-03-09,1.5623,1.4684
2015-03-02,1.5468,1.4603
2015-02-23,1.5337,1.4466
2015-02-16,1.5137,1.4240
2015-02-09,1.4773,1.3878
2015-02-02,1.4457,1.3562
2015-01-26,1.4370,1.3480
2015-01-19,1.4483,1.3600
2015-01-12,1.4728,1.3878
2015-01-05,1.5057,1.4257
2014-12-15,1.5659,1.4727
2014-12-08,1.5956,1.5059
2014-12-01,1.6238,1.5316
2014-11-24,1.6347,1.5412
2014-11-17,1.6478,1.5511
2014-11-10,1.6573,1.5563
2014-11-03,1.6659,1.5627
2014-10-27,1.6810,1.5701
2014-10-20,1.6980,1.5822
2014-10-13,1.7177,1.5988
2014-10-06,1.7226,1.6060
2014-09-29,1.7242,1.6070
2014-09-22,1.7300,1.6120
2014-09-15,1.7349,1.6153
2014-09-08,1.7369,1.6165
2014-09-01,1.7393,1.6175
2014-08-25,1.7412,1.6182
2014-08-18,1.7487,1.6217
2014-08-11,1.7514,1.6229
2014-08-04,1.7552,1.6231
2014-07-28,1.7580,1.6227
2014-07-21,1.7588,1.6265
2014-07-14,1.7632,1.6378
2014-07-07,1.7624,1.6434
2014-06-30,1.7593,1.6426
2014-06-23,1.7533,1.6375
2014-06-16,1.7414,1.6294
2014-06-09,1.7403,1.6290
2014-06-02,1.7393,1.6311
2014-05-26,1.7394,1.6294
2014-05-19,1.7349,1.6273
2014-05-12,1.7363,1.6300
2014-05-05,1.7390,1.6340
2014-04-28,1.7375,1.6331
2014-04-14,1.7256,1.6286
2014-04-07,1.7228,1.6274
2014-03-31,1.7144,1.6228
2014-03-24,1.7046,1.6160
2014-03-17,1.7128,1.6273
2014-03-10,1.7171,1.6354
2014-03-03,1.7179,1.6358
2014-02-24,1.7179,1.6369
2014-02-17,1.7147,1.6380
2014-02-10,1.7111,1.6364
2014-02-03,1.7140,1.6393
2014-01-27,1.7154,1.6395
2014-01-20,1.7183,1.6419
2014-01-13,1.7226,1.6497
2014-01-06,1.7293,1.6567
2013-12-16,1.7282,1.6560
2013-12-09,1.7284,1.6576
2013-12-02,1.7259,1.6568
2013-11-25,1.7141,1.6464
2013-11-18,1.7017,1.6354
2013-11-11,1.7004,1.6334
2013-11-04,1.7007,1.6339
2013-10-28,1.7172,1.6503
2013-10-21,1.7267,1.6584
2013-10-14,1.7287,1.6601
2013-10-07,1.7335,1.6631
2013-09-30,1.7336,1.6624
2013-09-23,1.7538,1.6775
2013-09-16,1.7759,1.6817
2013-09-09,1.7860,1.6807
2013-09-02,1.7816,1.6698
2013-08-26,1.7690,1.6600
2013-08-19,1.7620,1.6530
2013-08-12,1.7688,1.6583
2013-08-05,1.7698,1.6597
2013-07-29,1.7713,1.6607
2013-07-22,1.7714,1.6612
2013-07-15,1.7621,1.6527
2013-07-08,1.7407,1.6319
2013-07-01,1.7350,1.6258
2013-06-24,1.7322,1.6254
2013-06-17,1.7312,1.6220
2013-06-10,1.7355,1.6267
2013-06-03,1.7365,1.6312
2013-05-27,1.7330,1.6281
2013-05-20,1.7171,1.6150
2013-05-13,1.7098,1.6052
2013-05-06,1.7131,1.6085
2013-04-29,1.7112,1.6081
2013-04-22,1.7228,1.6216
2013-04-15,1.7531,1.6488
2013-04-08,1.7710,1.6673
2013-03-25,1.7804,1.6790
2013-03-18,1.7882,1.6870
2013-03-11,1.8038,1.6985
2013-03-04,1.8097,1.7060
2013-02-25,1.8104,1.7110
2013-02-18,1.7960,1.7050
2013-02-11,1.7783,1.6969
2013-02-04,1.7646,1.6944
2013-01-28,1.7514,1.6910
2013-01-21,1.7422,1.6831
2013-01-14,1.7592,1.7003
2013-01-07,1.7514,1.6991
2012-12-17,1.7454,1.6974
2012-12-10,1.7426,1.6991
2012-12-03,1.7502,1.7079
2012-11-26,1.7546,1.7123
2012-11-19,1.7497,1.7075
2012-11-12,1.7466,1.7049
2012-11-05,1.7633,1.7158
2012-10-29,1.7954,1.7318
2012-10-22,1.8248,1.7472
2012-10-15,1.8454,1.7500
2012-10-08,1.8368,1.7447
2012-10-01,1.8452,1.7467
2012-09-24,1.8457,1.7474
2012-09-17,1.8776,1.7732
2012-09-10,1.8898,1.7778
2012-09-03,1.8706,1.7599
2012-08-27,1.8701,1.7592
2012-08-20,1.8474,1.7403
2012-08-13,1.8121,1.7113
2012-08-06,1.7859,1.6893
2012-07-30,1.7795,1.6878
2012-07-23,1.7779,1.6829
2012-07-16,1.7576,1.6487
2012-07-09,1.7432,1.6347
2012-07-02,1.7199,1.6135
2012-06-25,1.7305,1.6228
2012-06-18,1.7553,1.6491
2012-06-11,1.7682,1.6645
2012-06-04,1.7783,1.6782
2012-05-28,1.7751,1.6792
2012-05-21,1.7774,1.6847
2012-05-14,1.7868,1.6946
2012-05-07,1.8310,1.7225
2012-04-30,1.8519,1.7273
2012-04-23,1.8538,1.7308
2012-04-16,1.8563,1.7351
2012-04-02,1.8427,1.7382
2012-03-26,1.8292,1.7357
2012-03-19,1.8183,1.7306
2012-03-12,1.8036,1.7227
2012-03-05,1.7712,1.7162
2012-02-27,1.7657,1.7129
2012-02-20,1.7525,1.7021
2012-02-13,1.7365,1.6911
2012-02-06,1.7268,1.6825
2012-01-30,1.7176,1.6852
2012-01-23,1.7128,1.6870
2012-01-16,1.7093,1.6815
2012-01-09,1.6940,1.6640
2011-12-19,1.6735,1.6540
2011-12-12,1.6727,1.6583
2011-12-05,1.5753,1.5259
2011-11-28,1.5770,1.5293
2011-11-21,1.5876,1.5250
2011-11-14,1.5947,1.5162
2011-11-07,1.5921,1.5014
2011-10-31,1.5889,1.4893
2011-10-24,1.5971,1.4910
2011-10-17,1.5891,1.4812
2011-10-10,1.5859,1.4796
2011-10-03,1.5941,1.4825
2011-09-26,1.6040,1.4858
2011-09-19,1.6055,1.4828
2011-09-12,1.5904,1.4648
2011-09-05,1.5754,1.4493
2011-08-29,1.5679,1.4416
2011-08-22,1.5688,1.4427
2011-08-08,1.5927,1.4679
2011-08-01,1.5975,1.4740
2011-07-25,1.5902,1.4653
2011-07-18,1.5898,1.4646
2011-07-11,1.5771,1.4491
2011-07-04,1.5556,1.4286
2011-06-27,1.5068,1.3848
2011-06-20,1.5294,1.4117
2011-06-13,1.5306,1.4038
2011-06-06,1.5353,1.4018
2011-05-30,1.5373,1.4030
2011-05-23,1.5383,1.4031
2011-05-16,1.5508,1.4090
2011-05-09,1.5560,1.4253
2011-05-02,1.5525,1.4568
2011-04-18,1.5548,1.4598
2011-04-11,1.5499,1.4566
2011-04-04,1.5230,1.4292
2011-03-28,1.5214,1.4286
2011-03-21,1.5272,1.4253
2011-03-14,1.5315,1.4226
2011-03-07,1.5249,1.4167
2011-02-28,1.5080,1.3921
2011-02-21,1.4747,1.3580
2011-02-14,1.4660,1.3477
2011-02-07,1.4660,1.3468
2011-01-31,1.4658,1.3459
2011-01-24,1.4705,1.3495
2011-01-17,1.4656,1.3403
2011-01-10,1.4447,1.3183
2011-01-03,1.4375,1.3121
2010-12-20,1.4177,1.2925
2010-12-13,1.4193,1.2952
2010-12-06,1.4121,1.2856
2010-11-29,1.3849,1.2604
2010-11-22,1.3771,1.2489
2010-11-15,1.3815,1.2559
2010-11-08,1.3640,1.2339
2010-10-25,1.3516,1.2237
2010-10-18,1.3588,1.2292
2010-10-11,1.3545,1.2237
2010-10-04,1.3441,1.2117
2010-09-27,1.3480,1.2159
2010-09-20,1.3647,1.2278
2010-09-13,1.3591,1.2225
2010-09-06,1.3499,1.2089
2010-08-30,1.3504,1.2075
2010-08-23,1.3597,1.2110
2010-08-16,1.3659,1.2127
2010-08-09,1.3668,1.2142
2010-08-02,1.3628,1.2105
2010-07-26,1.3554,1.2016
2010-07-19,1.3656,1.2074
2010-07-12,1.3724,1.2121
2010-07-05,1.3777,1.2196
2010-06-28,1.3957,1.2479
2010-06-21,1.3916,1.2517
2010-06-14,1.3762,1.2396
2010-06-07,1.3722,1.2299
2010-05-31,1.3593,1.2161
2010-05-24,1.3726,1.2271
2010-05-17,1.3946,1.2510
2010-05-10,1.3996,1.2457
2010-05-03,1.4046,1.2476
2010-04-26,1.3897,1.2304
2010-04-19,1.3921,1.2232
2010-04-12,1.3926,1.2199
2010-03-29,1.3775,1.2019
2010-03-22,1.3765,1.2008
2010-03-15,1.3632,1.1895
2010-03-08,1.3524,1.1818
2010-03-01,1.3332,1.1809
2010-02-22,1.3111,1.1551
2010-02-15,1.3070,1.1352
2010-02-08,1.3208,1.1429
2010-02-01,1.3126,1.1360
2010-01-25,1.3138,1.1472
2010-01-18,1.3159,1.1575
2010-01-11,1.3108,1.1530
2010-01-04,1.2940,1.1355
2009-12-21,1.2640,1.1133
2009-12-14,1.2703,1.1089
2009-12-07,1.2811,1.1181
2009-11-30,1.2813,1.1175
2009-11-23,1.2888,1.1246
2009-11-16,1.2826,1.1166
2009-11-09,1.2931,1.1295
2009-11-02,1.2949,1.1346
2009-10-26,1.2865,1.1266
2009-10-19,1.2645,1.1065
2009-10-12,1.2512,1.0865
2009-10-05,1.2364,1.0792
2009-09-28,1.2410,1.0757
2009-09-21,1.2672,1.0914
2009-09-14,1.2700,1.0930
2009-09-07,1.2720,1.0948
2009-08-31,1.2921,1.1168
2009-08-24,1.2963,1.1189
2009-08-17,1.3039,1.1236
2009-08-10,1.3074,1.1272
2009-08-03,1.2800,1.1040
2009-07-27,1.2794,1.1028
2009-07-20,1.2513,1.0649
2009-07-13,1.2595,1.0747
2009-07-06,1.2794,1.0962
2009-06-29,1.2915,1.1016
2009-06-22,1.3161,1.1181
2009-06-15,1.3051,1.1096
2009-06-08,1.2834,1.0901
2009-06-01,1.2758,1.0647
2009-05-25,1.2631,1.0600
2009-05-18,1.2340,1.0661
2009-05-11,1.2294,1.0711
2009-05-04,1.1833,1.0519
2009-04-27,1.1976,1.0552
2009-04-20,1.1963,1.0518
2009-04-06,1.1759,1.0323
2009-03-30,1.1864,1.0415
2009-03-23,1.1645,1.0265
2009-03-16,1.1650,1.0188
2009-03-09,1.1607,1.0181
2009-03-02,1.1562,1.0209
2009-02-23,1.1433,1.0332
2009-02-16,1.1347,1.0612
2009-02-09,1.1421,1.0659
2009-02-02,1.1442,1.0626
2009-01-26,1.1364,1.0610
2009-01-19,1.1324,1.0701
2009-01-12,1.1129,1.0522
2009-01-05,1.0826,1.0225
2008-12-15,1.1146,1.0802
2008-12-08,1.1278,1.1130
2008-12-01,1.1470,1.1418
2008-11-24,1.1541,1.1486
2008-11-17,1.1998,1.1927
2008-11-10,1.2225,1.2099
2008-11-03,1.2557,1.2174
2008-10-27,1.2665,1.2323
2008-10-20,1.2928,1.2527
2008-10-13,1.3515,1.2978
2008-10-06,1.4038,1.3596
2008-09-29,1.4134,1.3628
2008-09-22,1.4055,1.3533
2008-09-15,1.4445,1.3757
2008-09-08,1.4457,1.3965
2008-09-01,1.4541,1.4160
2008-08-25,1.4503,1.4183
2008-08-18,1.4485,1.4185
2008-08-11,1.4532,1.4279
2008-08-04,1.4675,1.4624
2008-07-28,1.4896,1.4847
2008-07-21,1.5241,1.5190
2008-07-14,1.5323,1.5284
2008-07-07,1.5283,1.5241
2008-06-30,1.5250,1.5205
2008-06-23,1.5250,1.5207
2008-06-16,1.5246,1.5203
2008-06-09,1.5028,1.4978
2008-06-02,1.4964,1.4902
2008-05-26,1.4971,1.4935
2008-05-19,1.4732,1.4671
2008-05-12,1.4591,1.4457
2008-05-05,1.4316,1.4114
2008-04-28,1.3958,1.3771
2008-04-21,1.3807,1.3664
2008-04-14,1.3804,1.3460
2008-04-07,1.3642,1.3265
2008-03-31,1.3631,1.3269
2008-03-17,1.3855,1.3490
2008-03-10,1.3887,1.3251
2008-03-03,1.3885,1.3135
2008-02-25,1.3850,1.3091
2008-02-18,1.3670,1.2789
2008-02-11,1.3523,1.2588
2008-02-04,1.3529,1.2588
2008-01-28,1.3518,1.2548
2008-01-21,1.3560,1.2605
2008-01-14,1.3719,1.2872
2008-01-07,1.3772,1.2958
2007-12-17,1.3587,1.2814
2007-12-10,1.3620,1.2900
2007-12-03,1.3634,1.2916
2007-11-26,1.3639,1.2892
2007-11-19,1.3604,1.2642
2007-11-12,1.3564,1.2594
2007-11-05,1.3317,1.2294
2007-10-29,1.3191,1.2138
2007-10-22,1.3135,1.2076
2007-10-15,1.3118,1.2034
2007-10-08,1.3115,1.2034
2007-10-01,1.3141,1.2032
2007-09-24,1.3132,1.1975
2007-09-17,1.3075,1.1886
2007-09-10,1.3088,1.1735
2007-09-03,1.2980,1.1677
2007-08-27,1.2936,1.1644
2007-08-20,1.3012,1.1714
2007-08-13,1.3024,1.1744
2007-08-06,1.3329,1.1822
2007-07-30,1.3485,1.1725
2007-07-23,1.3567,1.1643
2007-07-16,1.3589,1.1644
2007-07-09,1.3523,1.1586
2007-07-02,1.3511,1.1578
2007-06-25,1.3509,1.1563
2007-06-18,1.3461,1.1519
2007-06-11,1.3462,1.1508
2007-06-04,1.3438,1.1478
2007-05-28,1.3427,1.1393
2007-05-21,1.3265,1.1319
2007-05-14,1.3128,1.1290
2007-05-07,1.3094,1.1293
2007-04-30,1.2936,1.1287
2007-04-23,1.2796,1.1281
2007-04-16,1.2762,1.1273
2007-04-02,1.2564,1.1139
2007-03-26,1.2404,1.1084
2007-03-19,1.2408,1.1089
2007-03-12,1.2413,1.1089
2007-03-05,1.2315,1.0998
2007-02-26,1.2217,1.0978
2007-02-19,1.2015,1.0821
2007-02-12,1.2008,1.0817
2007-02-05,1.1986,1.0793
2007-01-29,1.1982,1.0797
2007-01-22,1.1988,1.0799
2007-01-15,1.2077,1.0980
2007-01-08,1.2187,1.1143
2006-12-18,1.2192,1.1139
2006-12-11,1.2192,1.1139
2006-12-04,1.2192,1.1139
2006-11-27,1.2189,1.1139
2006-11-20,1.2188,1.1138
2006-11-13,1.2199,1.1161
2006-11-06,1.2200,1.1168
2006-10-30,1.2198,1.1170
2006-10-23,1.2198,1.1170
2006-10-16,1.2198,1.1170
2006-10-09,1.2200,1.1170
2006-10-02,1.2302,1.1271
2006-09-25,1.2315,1.1287
2006-09-18,1.2516,1.1584
2006-09-11,1.2713,1.1776
2006-09-04,1.2933,1.1885
2006-08-28,1.3299,1.2068
2006-08-21,1.3621,1.2070
2006-08-14,1.3895,1.2067
2006-08-07,1.3886,1.2064
2006-07-31,1.3872,1.2064
2006-07-24,1.3874,1.2073
2006-07-17,1.3851,1.2073
2006-07-10,1.3671,1.2019
2006-07-03,1.3541,1.1971
2006-06-26,1.3367,1.1971
2006-06-19,1.3367,1.1971
2006-06-12,1.3367,1.1971
2006-06-05,1.3364,1.1970
2006-05-29,1.3358,1.1965
2006-05-22,1.3373,1.1982
2006-05-15,1.3442,1.2020
2006-05-08,1.3453,1.2126
2006-05-01,1.3421,1.2108
2006-04-24,1.3380,1.2081
2006-04-10,1.2900,1.1696
2006-04-03,1.2867,1.1695
2006-03-27,1.2615,1.1695
2006-03-20,1.2618,1.1691
2006-03-13,1.2560,1.1672
2006-03-06,1.2560,1.1670
2006-02-27,1.2264,1.1380
2006-02-20,1.2284,1.1372
2006-02-13,1.2579,1.1573
2006-02-06,1.2582,1.1573
2006-01-30,1.2603,1.1573
2006-01-23,1.2601,1.1570
2006-01-16,1.2597,1.1570
2006-01-09,1.2557,1.1558
2005-12-19,1.2280,1.1284
2005-12-12,1.2145,1.1148
2005-12-05,1.2072,1.1081
2005-11-28,1.2262,1.1185
2005-11-21,1.2266,1.1185
2005-11-14,1.2460,1.1383
2005-11-07,1.2551,1.1673
2005-10-24,1.2956,1.2082
2005-10-17,1.3341,1.2167
2005-10-10,1.3379,1.2181
2005-10-03,1.3352,1.2171
2005-09-26,1.2934,1.1777
2005-09-19,1.2965,1.1786
2005-09-12,1.3298,1.2069
2005-09-05,1.3069,1.1791
2005-08-29,1.2771,1.1579
2005-08-22,1.2756,1.1573
2005-08-15,1.2463,1.1328
2005-08-08,1.2463,1.1328
2005-08-01,1.2463,1.1321
2005-07-25,1.2457,1.1321
2005-07-18,1.2477,1.1334
2005-07-11,1.2462,1.1320
2005-07-04,1.2458,1.1310
2005-06-27,1.2312,1.1208
2005-06-20,1.2164,1.1040
2005-06-13,1.2163,1.1023
2005-06-06,1.1979,1.0745
2005-05-30,1.1863,1.0527
2005-05-23,1.1863,1.0527
2005-05-16,1.2011,1.0626
2005-05-09,1.2154,1.0727
2005-05-02,1.2349,1.0929
2005-04-25,1.2349,1.1215
2005-04-18,1.2363,1.1228
2005-04-11,1.2363,1.1228
2005-04-04,1.1879,1.0746
2005-03-21,1.1860,1.0729
2005-03-14,1.1859,1.0727
2005-03-07,1.1588,1.0476
2005-02-28,1.1360,1.0229
2005-02-21,1.1360,1.0228
2005-02-14,1.1359,1.0225
2005-02-07,1.1359,1.0227
2005-01-31,1.1321,1.0226
2005-01-24,1.0900,1.0043
2005-01-17,1.0881,1.0043
2005-01-10,1.0880,1.0044
2005-01-03,1.1158,1.0183
