TYPE_CRIME,TIME_PERIOD,OBS_VALUE
ARSON,2006,12659
ARSON,2007,16716
ARSON,2008,12662
ARSON,2009,10921
ARSON,2010,9622
ARSON,2011,12980
ARSON,2012,13170
ARSON,2013,7388
ARSON,2014,6855
ARSON,2015,8934
ARSON,2016,8005
ARSON,2017,10310
ARSON,2018,4750
ARSON,2019,6533
ARSON,2020,6303
ARSON,2021,6997
ARSON,2022,7002
ARSON,2023,5687
ARSON,2024,5437
ARTTHEF,2006,1142
ARTTHEF,2007,1018
ARTTHEF,2008,846
ARTTHEF,2009,762
ARTTHEF,2010,740
ARTTHEF,2011,728
ARTTHEF,2012,630
ARTTHEF,2013,592
ARTTHEF,2014,582
ARTTHEF,2015,474
ARTTHEF,2016,463
ARTTHEF,2017,411
ARTTHEF,2018,330
ARTTHEF,2019,310
ARTTHEF,2020,226
ARTTHEF,2021,267
ARTTHEF,2022,263
ARTTHEF,2023,212
ARTTHEF,2024,233
ATTACK,2006,618
ATTACK,2007,544
ATTACK,2008,447
ATTACK,2009,376
ATTACK,2010,490
ATTACK,2011,439
ATTACK,2012,522
ATTACK,2013,462
ATTACK,2014,386
ATTACK,2015,410
ATTACK,2016,328
ATTACK,2017,291
ATTACK,2018,275
ATTACK,2019,204
ATTACK,2020,243
ATTACK,2021,210
ATTACK,2022,197
ATTACK,2023,179
ATTACK,2024,236
ATTEMPHOM,2006,1468
ATTEMPHOM,2007,1588
ATTEMPHOM,2008,1621
ATTEMPHOM,2009,1346
ATTEMPHOM,2010,1309
ATTEMPHOM,2011,1401
ATTEMPHOM,2012,1327
ATTEMPHOM,2013,1222
ATTEMPHOM,2014,1250
ATTEMPHOM,2015,1203
ATTEMPHOM,2016,1079
ATTEMPHOM,2017,1098
ATTEMPHOM,2018,1050
ATTEMPHOM,2019,1019
ATTEMPHOM,2020,876
ATTEMPHOM,2021,928
ATTEMPHOM,2022,1018
ATTEMPHOM,2023,1033
ATTEMPHOM,2024,1143
BAGTHEF,2006,21492
BAGTHEF,2007,22920
BAGTHEF,2008,18678
BAGTHEF,2009,14910
BAGTHEF,2010,14242
BAGTHEF,2011,17657
BAGTHEF,2012,20010
BAGTHEF,2013,20016
BAGTHEF,2014,19109
BAGTHEF,2015,17777
BAGTHEF,2016,16672
BAGTHEF,2017,16056
BAGTHEF,2018,14807
BAGTHEF,2019,12489
BAGTHEF,2020,9353
BAGTHEF,2021,11166
BAGTHEF,2022,13405
BAGTHEF,2023,13243
BAGTHEF,2024,13487
BANKROB,2006,2821
BANKROB,2007,3050
BANKROB,2008,2558
BANKROB,2009,1753
BANKROB,2010,1382
BANKROB,2011,1360
BANKROB,2012,1229
BANKROB,2013,1220
BANKROB,2014,789
BANKROB,2015,790
BANKROB,2016,563
BANKROB,2017,396
BANKROB,2018,276
BANKROB,2019,264
BANKROB,2020,126
BANKROB,2021,90
BANKROB,2022,131
BANKROB,2023,87
BANKROB,2024,63
BLOWS,2006,13809
BLOWS,2007,14917
BLOWS,2008,15288
BLOWS,2009,15205
BLOWS,2010,14270
BLOWS,2011,15196
BLOWS,2012,15659
BLOWS,2013,15606
BLOWS,2014,15285
BLOWS,2015,15249
BLOWS,2016,13819
BLOWS,2017,14142
BLOWS,2018,13944
BLOWS,2019,14395
BLOWS,2020,13572
BLOWS,2021,15127
BLOWS,2022,16142
BLOWS,2023,16645
BLOWS,2024,18080
BURGTHEF,2006,141601
BURGTHEF,2007,166838
BURGTHEF,2008,150761
BURGTHEF,2009,150843
BURGTHEF,2010,169163
BURGTHEF,2011,204891
BURGTHEF,2012,237355
BURGTHEF,2013,251422
BURGTHEF,2014,255886
BURGTHEF,2015,234726
BURGTHEF,2016,214053
BURGTHEF,2017,195824
BURGTHEF,2018,191374
BURGTHEF,2019,165329
BURGTHEF,2020,109503
BURGTHEF,2021,124715
BURGTHEF,2022,133802
BURGTHEF,2023,147660
BURGTHEF,2024,155590
CARTHEF,2006,182524
CARTHEF,2007,173143
CARTHEF,2008,144670
CARTHEF,2009,135528
CARTHEF,2010,127856
CARTHEF,2011,126909
CARTHEF,2012,126627
CARTHEF,2013,122924
CARTHEF,2014,119957
CARTHEF,2015,114426
CARTHEF,2016,110556
CARTHEF,2017,103045
CARTHEF,2018,103457
CARTHEF,2019,97683
CARTHEF,2020,75699
CARTHEF,2021,82168
CARTHEF,2022,94123
CARTHEF,2023,101397
CARTHEF,2024,103876
CORRUPUN18,2006,192
CORRUPUN18,2007,182
CORRUPUN18,2008,168
CORRUPUN18,2009,170
CORRUPUN18,2010,175
CORRUPUN18,2011,143
CORRUPUN18,2012,120
CORRUPUN18,2013,155
CORRUPUN18,2014,173
CORRUPUN18,2015,148
CORRUPUN18,2016,140
CORRUPUN18,2017,171
CORRUPUN18,2018,151
CORRUPUN18,2019,173
CORRUPUN18,2020,170
CORRUPUN18,2021,166
CORRUPUN18,2022,132
CORRUPUN18,2023,105
CORRUPUN18,2024,102
COUNTER,2006,2186
COUNTER,2007,1863
COUNTER,2008,1856
COUNTER,2009,1654
COUNTER,2010,11745
COUNTER,2011,9201
COUNTER,2012,8920
COUNTER,2013,7465
COUNTER,2014,7847
COUNTER,2015,8455
COUNTER,2016,7755
COUNTER,2017,6356
COUNTER,2018,5938
COUNTER,2019,4989
COUNTER,2020,2901
COUNTER,2021,3400
COUNTER,2022,3424
COUNTER,2023,3370
COUNTER,2024,3211
CRIMASS,2006,1074
CRIMASS,2007,1011
CRIMASS,2008,871
CRIMASS,2009,872
CRIMASS,2010,744
CRIMASS,2011,906
CRIMASS,2012,943
CRIMASS,2013,792
CRIMASS,2014,986
CRIMASS,2015,844
CRIMASS,2016,687
CRIMASS,2017,611
CRIMASS,2018,518
CRIMASS,2019,395
CRIMASS,2020,466
CRIMASS,2021,611
CRIMASS,2022,348
CRIMASS,2023,293
CRIMASS,2024,409
CULPINJU,2006,59143
CULPINJU,2007,63602
CULPINJU,2008,65791
CULPINJU,2009,65611
CULPINJU,2010,64866
CULPINJU,2011,68500
CULPINJU,2012,69527
CULPINJU,2013,66317
CULPINJU,2014,66178
CULPINJU,2015,64042
CULPINJU,2016,63153
CULPINJU,2017,64814
CULPINJU,2018,65382
CULPINJU,2019,64891
CULPINJU,2020,53708
CULPINJU,2021,58794
CULPINJU,2022,61958
CULPINJU,2023,62776
CULPINJU,2024,66962
CYBERCRIM,2006,2394
CYBERCRIM,2007,3799
CYBERCRIM,2008,4952
CYBERCRIM,2009,5510
CYBERCRIM,2010,5973
CYBERCRIM,2011,6933
CYBERCRIM,2012,7346
CYBERCRIM,2013,9421
CYBERCRIM,2014,10846
CYBERCRIM,2015,9857
CYBERCRIM,2016,10828
CYBERCRIM,2017,10586
CYBERCRIM,2018,13282
CYBERCRIM,2019,16148
CYBERCRIM,2020,19347
CYBERCRIM,2021,22067
CYBERCRIM,2022,34121
CYBERCRIM,2023,30034
CYBERCRIM,2024,26873
DAMAGE,2006,344253
DAMAGE,2007,384529
DAMAGE,2008,402163
DAMAGE,2009,415391
DAMAGE,2010,414923
DAMAGE,2011,398521
DAMAGE,2012,364435
DAMAGE,2013,341152
DAMAGE,2014,279277
DAMAGE,2015,284755
DAMAGE,2016,249850
DAMAGE,2017,253030
DAMAGE,2018,257729
DAMAGE,2019,262248
DAMAGE,2020,222736
DAMAGE,2021,255121
DAMAGE,2022,266523
DAMAGE,2023,273315
DAMAGE,2024,277984
DAMARS,2006,10104
DAMARS,2007,11762
DAMARS,2008,10728
DAMARS,2009,9797
DAMARS,2010,9721
DAMARS,2011,10499
DAMARS,2012,11209
DAMARS,2013,9815
DAMARS,2014,8572
DAMARS,2015,8940
DAMARS,2016,8502
DAMARS,2017,9779
DAMARS,2018,7655
DAMARS,2019,7435
DAMARS,2020,6896
DAMARS,2021,7931
DAMARS,2022,7897
DAMARS,2023,7768
DAMARS,2024,7452
DRUG,2006,32306
DRUG,2007,34439
DRUG,2008,34082
DRUG,2009,34101
DRUG,2010,32761
DRUG,2011,34034
DRUG,2012,33852
DRUG,2013,33578
DRUG,2014,33246
DRUG,2015,32615
DRUG,2016,36133
DRUG,2017,39592
DRUG,2018,40371
DRUG,2019,39290
DRUG,2020,35149
DRUG,2021,31159
DRUG,2022,30326
DRUG,2023,31656
DRUG,2024,33166
EXTORT,2006,5400
EXTORT,2007,6545
EXTORT,2008,6646
EXTORT,2009,6189
EXTORT,2010,5992
EXTORT,2011,6099
EXTORT,2012,6478
EXTORT,2013,6884
EXTORT,2014,8222
EXTORT,2015,9839
EXTORT,2016,9568
EXTORT,2017,8496
EXTORT,2018,9954
EXTORT,2019,8997
EXTORT,2020,8722
EXTORT,2021,10051
EXTORT,2022,12057
EXTORT,2023,11438
EXTORT,2024,12076
FOREARS,2006,3688
FOREARS,2007,7049
FOREARS,2008,4499
FOREARS,2009,3734
FOREARS,2010,2770
FOREARS,2011,5870
FOREARS,2012,6105
FOREARS,2013,2035
FOREARS,2014,1775
FOREARS,2015,3846
FOREARS,2016,3410
FOREARS,2017,5130
FOREARS,2018,1139
FOREARS,2019,2669
FOREARS,2020,2950
FOREARS,2021,3330
FOREARS,2022,3524
FOREARS,2023,2290
FOREARS,2024,2207
HOUSEROB,2006,2125
HOUSEROB,2007,2529
HOUSEROB,2008,2319
HOUSEROB,2009,1961
HOUSEROB,2010,2106
HOUSEROB,2011,2858
HOUSEROB,2012,3491
HOUSEROB,2013,3619
HOUSEROB,2014,3209
HOUSEROB,2015,3064
HOUSEROB,2016,2562
HOUSEROB,2017,2301
HOUSEROB,2018,2104
HOUSEROB,2019,1818
HOUSEROB,2020,1575
HOUSEROB,2021,1647
HOUSEROB,2022,1645
HOUSEROB,2023,1858
HOUSEROB,2024,1891
INFANTHOM,2006,4
INFANTHOM,2007,4
INFANTHOM,2008,4
INFANTHOM,2009,4
INFANTHOM,2010,3
INFANTHOM,2011,2
INFANTHOM,2012,2
INFANTHOM,2013,2
INFANTHOM,2014,3
INFANTHOM,2015,1
INFANTHOM,2016,3
INFANTHOM,2017,2
INFANTHOM,2018,4
INFANTHOM,2019,2
INFANTHOM,2020,2
INFANTHOM,2021,0
INFANTHOM,2022,1
INFANTHOM,2023,1
INFANTHOM,2024,3
INTENHOM,2006,621
INTENHOM,2007,627
INTENHOM,2008,611
INTENHOM,2009,586
INTENHOM,2010,526
INTENHOM,2011,550
INTENHOM,2012,528
INTENHOM,2013,502
INTENHOM,2014,475
INTENHOM,2015,469
INTENHOM,2016,400
INTENHOM,2017,368
INTENHOM,2018,331
INTENHOM,2019,318
INTENHOM,2020,289
INTENHOM,2021,304
INTENHOM,2022,331
INTENHOM,2023,341
INTENHOM,2024,326
INTPROP,2006,6469
INTPROP,2007,5601
INTPROP,2008,4499
INTPROP,2009,3438
INTPROP,2010,2560
INTPROP,2011,1935
INTPROP,2012,1522
INTPROP,2013,1075
INTPROP,2014,1069
INTPROP,2015,1211
INTPROP,2016,1058
INTPROP,2017,793
INTPROP,2018,575
INTPROP,2019,515
INTPROP,2020,224
INTPROP,2021,225
INTPROP,2022,193
INTPROP,2023,155
INTPROP,2024,150
KIDNAPP,2006,1608
KIDNAPP,2007,1867
KIDNAPP,2008,1816
KIDNAPP,2009,1481
KIDNAPP,2010,1436
KIDNAPP,2011,1443
KIDNAPP,2012,1474
KIDNAPP,2013,1353
KIDNAPP,2014,1278
KIDNAPP,2015,1166
KIDNAPP,2016,1048
KIDNAPP,2017,1039
KIDNAPP,2018,960
KIDNAPP,2019,855
KIDNAPP,2020,796
KIDNAPP,2021,765
KIDNAPP,2022,762
KIDNAPP,2023,803
KIDNAPP,2024,705
MAFIAHOM,2006,109
MAFIAHOM,2007,119
MAFIAHOM,2008,106
MAFIAHOM,2009,90
MAFIAHOM,2010,69
MAFIAHOM,2011,53
MAFIAHOM,2012,68
MAFIAHOM,2013,52
MAFIAHOM,2014,45
MAFIAHOM,2015,43
MAFIAHOM,2016,48
MAFIAHOM,2017,44
MAFIAHOM,2018,19
MAFIAHOM,2019,28
MAFIAHOM,2020,16
MAFIAHOM,2021,21
MAFIAHOM,2022,17
MAFIAHOM,2023,19
MAFIAHOM,2024,17
MAFIASS,2006,128
MAFIASS,2007,140
MAFIASS,2008,125
MAFIASS,2009,131
MAFIASS,2010,128
MAFIASS,2011,93
MAFIASS,2012,68
MAFIASS,2013,75
MAFIASS,2014,89
MAFIASS,2015,85
MAFIASS,2016,81
MAFIASS,2017,72
MAFIASS,2018,93
MAFIASS,2019,160
MAFIASS,2020,132
MAFIASS,2021,117
MAFIASS,2022,98
MAFIASS,2023,101
MAFIASS,2024,95
MANSHOM,2006,38
MANSHOM,2007,54
MANSHOM,2008,39
MANSHOM,2009,36
MANSHOM,2010,38
MANSHOM,2011,31
MANSHOM,2012,33
MANSHOM,2013,37
MANSHOM,2014,34
MANSHOM,2015,20
MANSHOM,2016,24
MANSHOM,2017,25
MANSHOM,2018,36
MANSHOM,2019,35
MANSHOM,2020,28
MANSHOM,2021,30
MANSHOM,2022,30
MANSHOM,2023,17
MANSHOM,2024,23
MASSMURD,2006,26
MASSMURD,2007,21
MASSMURD,2008,28
MASSMURD,2009,23
MASSMURD,2010,12
MASSMURD,2011,14
MASSMURD,2012,18
MASSMURD,2013,10
MASSMURD,2014,20
MASSMURD,2015,20
MASSMURD,2016,15
MASSMURD,2017,17
MASSMURD,2018,20
MASSMURD,2019,14
MASSMURD,2020,29
MASSMURD,2021,29
MASSMURD,2022,12
MASSMURD,2023,11
MASSMURD,2024,17
MENACE,2006,71856
MENACE,2007,81073
MENACE,2008,83580
MENACE,2009,83483
MENACE,2010,81164
MENACE,2011,83316
MENACE,2012,86347
MENACE,2013,86294
MENACE,2014,85211
MENACE,2015,82539
MENACE,2016,75011
MENACE,2017,75648
MENACE,2018,74970
MENACE,2019,74726
MENACE,2020,70295
MENACE,2021,70807
MENACE,2022,69335
MENACE,2023,68223
MENACE,2024,71757
MONEYLAU,2006,1193
MONEYLAU,2007,1209
MONEYLAU,2008,1253
MONEYLAU,2009,1269
MONEYLAU,2010,1344
MONEYLAU,2011,1350
MONEYLAU,2012,1685
MONEYLAU,2013,1891
MONEYLAU,2014,1604
MONEYLAU,2015,1818
MONEYLAU,2016,1745
MONEYLAU,2017,1888
MONEYLAU,2018,1872
MONEYLAU,2019,1836
MONEYLAU,2020,1765
MONEYLAU,2021,1363
MONEYLAU,2022,1307
MONEYLAU,2023,1228
MONEYLAU,2024,1509
MOPETHEF,2006,47984
MOPETHEF,2007,49949
MOPETHEF,2008,38656
MOPETHEF,2009,34440
MOPETHEF,2010,29162
MOPETHEF,2011,28108
MOPETHEF,2012,26498
MOPETHEF,2013,21761
MOPETHEF,2014,18691
MOPETHEF,2015,16226
MOPETHEF,2016,14589
MOPETHEF,2017,13434
MOPETHEF,2018,10830
MOPETHEF,2019,9433
MOPETHEF,2020,7125
MOPETHEF,2021,8082
MOPETHEF,2022,8877
MOPETHEF,2023,8539
MOPETHEF,2024,7480
MOTORTHEF,2006,47554
MOTORTHEF,2007,52333
MOTORTHEF,2008,44930
MOTORTHEF,2009,41709
MOTORTHEF,2010,39126
MOTORTHEF,2011,42545
MOTORTHEF,2012,42228
MOTORTHEF,2013,37559
MOTORTHEF,2014,36782
MOTORTHEF,2015,33894
MOTORTHEF,2016,30839
MOTORTHEF,2017,28542
MOTORTHEF,2018,26154
MOTORTHEF,2019,23432
MOTORTHEF,2020,17826
MOTORTHEF,2021,19657
MOTORTHEF,2022,22499
MOTORTHEF,2023,23860
MOTORTHEF,2024,24905
OFFENCE,2006,55361
OFFENCE,2007,61737
OFFENCE,2008,64453
OFFENCE,2009,64479
OFFENCE,2010,62230
OFFENCE,2011,65370
OFFENCE,2012,67213
OFFENCE,2013,66414
OFFENCE,2014,64601
OFFENCE,2015,58620
OFFENCE,2016,15781
OFFENCE,2017,2064
OTHCRIM,2006,363629
OTHCRIM,2007,388842
OTHCRIM,2008,415138
OTHCRIM,2009,420252
OTHCRIM,2010,409525
OTHCRIM,2011,403735
OTHCRIM,2012,410997
OTHCRIM,2013,459844
OTHCRIM,2014,439120
OTHCRIM,2015,420024
OTHCRIM,2016,421285
OTHCRIM,2017,439369
OTHCRIM,2018,434648
OTHCRIM,2019,463352
OTHCRIM,2020,445131
OTHCRIM,2021,467474
OTHCRIM,2022,455610
OTHCRIM,2023,451353
OTHCRIM,2024,477250
PICKTHEF,2006,156362
PICKTHEF,2007,160421
PICKTHEF,2008,123828
PICKTHEF,2009,114504
PICKTHEF,2010,115577
PICKTHEF,2011,134121
PICKTHEF,2012,148641
PICKTHEF,2013,166116
PICKTHEF,2014,179605
PICKTHEF,2015,173214
PICKTHEF,2016,162154
PICKTHEF,2017,159338
PICKTHEF,2018,152128
PICKTHEF,2019,137122
PICKTHEF,2020,73983
PICKTHEF,2021,92961
PICKTHEF,2022,129300
PICKTHEF,2023,139699
PICKTHEF,2024,140792
PORNO,2006,333
PORNO,2007,412
PORNO,2008,537
PORNO,2009,543
PORNO,2010,380
PORNO,2011,322
PORNO,2012,380
PORNO,2013,489
PORNO,2014,544
PORNO,2015,614
PORNO,2016,490
PORNO,2017,560
PORNO,2018,613
PORNO,2019,793
PORNO,2020,1058
PORNO,2021,1193
PORNO,2022,982
PORNO,2023,780
PORNO,2024,928
POSTROB,2006,572
POSTROB,2007,511
POSTROB,2008,454
POSTROB,2009,379
POSTROB,2010,411
POSTROB,2011,403
POSTROB,2012,423
POSTROB,2013,441
POSTROB,2014,353
POSTROB,2015,321
POSTROB,2016,352
POSTROB,2017,256
POSTROB,2018,246
POSTROB,2019,176
POSTROB,2020,100
POSTROB,2021,82
POSTROB,2022,103
POSTROB,2023,107
POSTROB,2024,122
PROSTI,2006,1422
PROSTI,2007,1466
PROSTI,2008,1484
PROSTI,2009,1311
PROSTI,2010,1586
PROSTI,2011,1505
PROSTI,2012,1306
PROSTI,2013,1170
PROSTI,2014,1100
PROSTI,2015,987
PROSTI,2016,948
PROSTI,2017,763
PROSTI,2018,634
PROSTI,2019,524
PROSTI,2020,380
PROSTI,2021,368
PROSTI,2022,365
PROSTI,2023,282
PROSTI,2024,309
RAPE,2006,4513
RAPE,2007,4897
RAPE,2008,4893
RAPE,2009,4963
RAPE,2010,4813
RAPE,2011,4617
RAPE,2012,4689
RAPE,2013,4488
RAPE,2014,4257
RAPE,2015,4000
RAPE,2016,4046
RAPE,2017,4634
RAPE,2018,4887
RAPE,2019,4884
RAPE,2020,4499
RAPE,2021,5274
RAPE,2022,6293
RAPE,2023,6231
RAPE,2024,6831
RAPEUN18,2006,460
RAPEUN18,2007,501
RAPEUN18,2008,474
RAPEUN18,2009,492
RAPEUN18,2010,582
RAPEUN18,2011,489
RAPEUN18,2012,558
RAPEUN18,2013,523
RAPEUN18,2014,494
RAPEUN18,2015,505
RAPEUN18,2016,458
RAPEUN18,2017,483
RAPEUN18,2018,495
RAPEUN18,2019,518
RAPEUN18,2020,421
RAPEUN18,2021,492
RAPEUN18,2022,524
RAPEUN18,2023,512
RAPEUN18,2024,593
RECEIV,2006,30042
RECEIV,2007,31104
RECEIV,2008,27786
RECEIV,2009,23619
RECEIV,2010,23686
RECEIV,2011,23773
RECEIV,2012,25080
RECEIV,2013,25275
RECEIV,2014,24935
RECEIV,2015,23048
RECEIV,2016,21693
RECEIV,2017,20022
RECEIV,2018,18182
RECEIV,2019,16159
RECEIV,2020,12209
RECEIV,2021,12331
RECEIV,2022,13825
RECEIV,2023,13973
RECEIV,2024,14283
ROADHOM,2006,1773
ROADHOM,2007,1706
ROADHOM,2008,1509
ROADHOM,2009,1314
ROADHOM,2010,1327
ROADHOM,2011,1285
ROADHOM,2012,1211
ROADHOM,2013,1049
ROADHOM,2014,1087
ROADHOM,2015,1121
ROADHOM,2016,1146
ROADHOM,2017,1163
ROADHOM,2018,1094
ROADHOM,2019,1098
ROADHOM,2020,810
ROADHOM,2021,988
ROADHOM,2022,1107
ROADHOM,2023,962
ROADHOM,2024,1050
ROBBER,2006,50270
ROBBER,2007,51210
ROBBER,2008,45857
ROBBER,2009,35822
ROBBER,2010,33754
ROBBER,2011,40549
ROBBER,2012,42631
ROBBER,2013,43754
ROBBER,2014,39236
ROBBER,2015,35068
ROBBER,2016,32918
ROBBER,2017,30564
ROBBER,2018,28441
ROBBER,2019,24276
ROBBER,2020,20000
ROBBER,2021,22093
ROBBER,2022,25642
ROBBER,2023,28067
ROBBER,2024,28709
ROBBHOM,2006,34
ROBBHOM,2007,35
ROBBHOM,2008,31
ROBBHOM,2009,22
ROBBHOM,2010,35
ROBBHOM,2011,28
ROBBHOM,2012,43
ROBBHOM,2013,33
ROBBHOM,2014,27
ROBBHOM,2015,35
ROBBHOM,2016,19
ROBBHOM,2017,16
ROBBHOM,2018,12
ROBBHOM,2019,9
ROBBHOM,2020,8
ROBBHOM,2021,7
ROBBHOM,2022,14
ROBBHOM,2023,9
ROBBHOM,2024,9
SHOPROB,2006,8075
SHOPROB,2007,8149
SHOPROB,2008,7764
SHOPROB,2009,5921
SHOPROB,2010,5872
SHOPROB,2011,6260
SHOPROB,2012,7090
SHOPROB,2013,6865
SHOPROB,2014,6176
SHOPROB,2015,5337
SHOPROB,2016,4848
SHOPROB,2017,4517
SHOPROB,2018,4197
SHOPROB,2019,3691
SHOPROB,2020,3046
SHOPROB,2021,3172
SHOPROB,2022,3594
SHOPROB,2023,3820
SHOPROB,2024,4151
SHOPTHEF,2006,101122
SHOPTHEF,2007,107465
SHOPTHEF,2008,92263
SHOPTHEF,2009,88184
SHOPTHEF,2010,90598
SHOPTHEF,2011,92736
SHOPTHEF,2012,98581
SHOPTHEF,2013,104393
SHOPTHEF,2014,106457
SHOPTHEF,2015,102041
SHOPTHEF,2016,95814
SHOPTHEF,2017,89883
SHOPTHEF,2018,84766
SHOPTHEF,2019,74419
SHOPTHEF,2020,51231
SHOPTHEF,2021,56782
SHOPTHEF,2022,67141
SHOPTHEF,2023,71167
SHOPTHEF,2024,74267
SMUGGL,2006,1150
SMUGGL,2007,1096
SMUGGL,2008,1062
SMUGGL,2009,1132
SMUGGL,2010,1067
SMUGGL,2011,1034
SMUGGL,2012,1284
SMUGGL,2013,1254
SMUGGL,2014,1231
SMUGGL,2015,1106
SMUGGL,2016,408
SMUGGL,2017,360
SMUGGL,2018,427
SMUGGL,2019,396
SMUGGL,2020,492
SMUGGL,2021,517
SMUGGL,2022,465
SMUGGL,2023,327
SMUGGL,2024,204
STREETROB,2006,26051
STREETROB,2007,25909
STREETROB,2008,23040
STREETROB,2009,18351
STREETROB,2010,16873
STREETROB,2011,20657
STREETROB,2012,21210
STREETROB,2013,22311
STREETROB,2014,20528
STREETROB,2015,18466
STREETROB,2016,18020
STREETROB,2017,16910
STREETROB,2018,16042
STREETROB,2019,13307
STREETROB,2020,11082
STREETROB,2021,12862
STREETROB,2022,15121
STREETROB,2023,16561
STREETROB,2024,16550
SWINCYB,2006,109059
SWINCYB,2007,120710
SWINCYB,2008,104174
SWINCYB,2009,99366
SWINCYB,2010,96442
SWINCYB,2011,105692
SWINCYB,2012,116767
SWINCYB,2013,140614
SWINCYB,2014,133261
SWINCYB,2015,145010
SWINCYB,2016,151464
SWINCYB,2017,164157
SWINCYB,2018,189105
SWINCYB,2019,212106
SWINCYB,2020,248218
SWINCYB,2021,294649
SWINCYB,2022,273872
SWINCYB,2023,302020
SWINCYB,2024,286086
TERRORHOM,2006,1
TERRORHOM,2007,0
TERRORHOM,2008,0
TERRORHOM,2009,0
TERRORHOM,2010,0
TERRORHOM,2011,0
TERRORHOM,2012,0
TERRORHOM,2013,0
TERRORHOM,2014,0
TERRORHOM,2015,0
TERRORHOM,2016,0
TERRORHOM,2017,0
TERRORHOM,2018,0
TERRORHOM,2019,0
TERRORHOM,2020,0
TERRORHOM,2021,0
TERRORHOM,2022,0
TERRORHOM,2023,0
TERRORHOM,2024,0
THEFT,2006,1585201
THEFT,2007,1636656
THEFT,2008,1392544
THEFT,2009,1318076
THEFT,2010,1325013
THEFT,2011,1460205
THEFT,2012,1520623
THEFT,2013,1554777
THEFT,2014,1573213
THEFT,2015,1463527
THEFT,2016,1346630
THEFT,2017,1265678
THEFT,2018,1192592
THEFT,2019,1071776
THEFT,2020,721680
THEFT,2021,811578
THEFT,2022,963032
THEFT,2023,1021116
THEFT,2024,1054599
TOT,2006,2771490
TOT,2007,2933146
TOT,2008,2709888
TOT,2009,2629831
TOT,2010,2621019
TOT,2011,2763012
TOT,2012,2818834
TOT,2013,2892155
TOT,2014,2812936
TOT,2015,2687249
TOT,2016,2487389
TOT,2017,2429795
TOT,2018,2371806
TOT,2019,2301912
TOT,2020,1900624
TOT,2021,2104114
TOT,2022,2255777
TOT,2023,2341574
TOT,2024,2399347
TRUCKTHEF,2006,2105
TRUCKTHEF,2007,2124
TRUCKTHEF,2008,1705
TRUCKTHEF,2009,1730
TRUCKTHEF,2010,1439
TRUCKTHEF,2011,1212
TRUCKTHEF,2012,1236
TRUCKTHEF,2013,1242
TRUCKTHEF,2014,1031
TRUCKTHEF,2015,1104
TRUCKTHEF,2016,958
TRUCKTHEF,2017,737
TRUCKTHEF,2018,691
TRUCKTHEF,2019,600
TRUCKTHEF,2020,392
TRUCKTHEF,2021,264
TRUCKTHEF,2022,265
TRUCKTHEF,2023,309
TRUCKTHEF,2024,283
UNINTHOM,2006,2148
UNINTHOM,2007,2040
UNINTHOM,2008,1881
UNINTHOM,2009,1718
UNINTHOM,2010,1765
UNINTHOM,2011,1783
UNINTHOM,2012,1716
UNINTHOM,2013,1597
UNINTHOM,2014,1633
UNINTHOM,2015,1745
UNINTHOM,2016,1628
UNINTHOM,2017,1706
UNINTHOM,2018,1733
UNINTHOM,2019,1759
UNINTHOM,2020,1646
UNINTHOM,2021,1778
UNINTHOM,2022,1795
UNINTHOM,2023,1610
UNINTHOM,2024,1698
USURY,2006,353
USURY,2007,382
USURY,2008,375
USURY,2009,464
USURY,2010,374
USURY,2011,352
USURY,2012,405
USURY,2013,460
USURY,2014,405
USURY,2015,375
USURY,2016,408
USURY,2017,307
USURY,2018,189
USURY,2019,191
USURY,2020,241
USURY,2021,165
USURY,2022,158
USURY,2023,124
USURY,2024,141
VEHITHEF,2006,227878
VEHITHEF,2007,240565
VEHITHEF,2008,205977
VEHITHEF,2009,191193
VEHITHEF,2010,185001
VEHITHEF,2011,196265
VEHITHEF,2012,190421
VEHITHEF,2013,194360
VEHITHEF,2014,203214
VEHITHEF,2015,192567
VEHITHEF,2016,178283
VEHITHEF,2017,162195
VEHITHEF,2018,152249
VEHITHEF,2019,136526
VEHITHEF,2020,84567
VEHITHEF,2021,80612
VEHITHEF,2022,98788
VEHITHEF,2023,105778
VEHITHEF,2024,102615
