CITIZENSHIP,SEX,AGE,TIME_PERIOD,OBS_VALUE
FRG,1,Y_GE65,2007,2714
FRG,1,Y_GE65,2008,2196
FRG,1,Y_GE65,2009,1755
FRG,1,Y_GE65,2010,1643
FRG,1,Y_GE65,2011,1704
FRG,1,Y_GE65,2012,1841
FRG,1,Y_GE65,2013,1857
FRG,1,Y_GE65,2014,1809
FRG,1,Y_GE65,2015,2429
FRG,1,Y_GE65,2016,1509
FRG,1,Y_GE65,2017,2095
FRG,1,Y_GE65,2018,2917
FRG,1,Y_GE65,2019,2758
FRG,1,Y_GE65,2020,2640
FRG,1,Y_GE65,2021,3590
FRG,1,Y_GE65,2022,2980
ITL,1,Y_GE65,2007,23823
ITL,1,Y_GE65,2008,25731
ITL,1,Y_GE65,2009,27576
ITL,1,Y_GE65,2010,27829
ITL,1,Y_GE65,2011,29772
ITL,1,Y_GE65,2012,33050
ITL,1,Y_GE65,2013,34610
ITL,1,Y_GE65,2014,36016
ITL,1,Y_GE65,2015,36495
ITL,1,Y_GE65,2016,33643
ITL,1,Y_GE65,2017,32940
ITL,1,Y_GE65,2018,31521
ITL,1,Y_GE65,2019,33404
ITL,1,Y_GE65,2020,31831
ITL,1,Y_GE65,2021,33109
ITL,1,Y_GE65,2022,31758
TOTAL,1,Y_GE65,2007,26496
TOTAL,1,Y_GE65,2008,27876
TOTAL,1,Y_GE65,2009,29282
TOTAL,1,Y_GE65,2010,29450
TOTAL,1,Y_GE65,2011,31473
TOTAL,1,Y_GE65,2012,34891
TOTAL,1,Y_GE65,2013,36467
TOTAL,1,Y_GE65,2014,37825
TOTAL,1,Y_GE65,2015,38924
TOTAL,1,Y_GE65,2016,35152
TOTAL,1,Y_GE65,2017,35035
TOTAL,1,Y_GE65,2018,34438
TOTAL,1,Y_GE65,2019,36162
TOTAL,1,Y_GE65,2020,34471
TOTAL,1,Y_GE65,2021,36699
TOTAL,1,Y_GE65,2022,34738
FRG,1,Y_UN13,2007,915
FRG,1,Y_UN13,2008,726
FRG,1,Y_UN13,2009,472
FRG,1,Y_UN13,2010,322
FRG,1,Y_UN13,2011,504
FRG,1,Y_UN13,2012,429
FRG,1,Y_UN13,2013,566
FRG,1,Y_UN13,2014,507
FRG,1,Y_UN13,2015,1022
FRG,1,Y_UN13,2016,918
FRG,1,Y_UN13,2017,579
FRG,1,Y_UN13,2018,467
FRG,1,Y_UN13,2019,493
FRG,1,Y_UN13,2020,417
FRG,1,Y_UN13,2021,592
FRG,1,Y_UN13,2022,925
ITL,1,Y_UN13,2007,775
ITL,1,Y_UN13,2008,690
ITL,1,Y_UN13,2009,704
ITL,1,Y_UN13,2010,690
ITL,1,Y_UN13,2011,750
ITL,1,Y_UN13,2012,589
ITL,1,Y_UN13,2013,705
ITL,1,Y_UN13,2014,680
ITL,1,Y_UN13,2015,1068
ITL,1,Y_UN13,2016,1505
ITL,1,Y_UN13,2017,825
ITL,1,Y_UN13,2018,718
ITL,1,Y_UN13,2019,814
ITL,1,Y_UN13,2020,468
ITL,1,Y_UN13,2021,605
ITL,1,Y_UN13,2022,745
TOTAL,1,Y_UN13,2007,1690
TOTAL,1,Y_UN13,2008,1417
TOTAL,1,Y_UN13,2009,1176
TOTAL,1,Y_UN13,2010,1012
TOTAL,1,Y_UN13,2011,1253
TOTAL,1,Y_UN13,2012,1018
TOTAL,1,Y_UN13,2013,1271
TOTAL,1,Y_UN13,2014,1187
TOTAL,1,Y_UN13,2015,2090
TOTAL,1,Y_UN13,2016,2423
TOTAL,1,Y_UN13,2017,1404
TOTAL,1,Y_UN13,2018,1185
TOTAL,1,Y_UN13,2019,1307
TOTAL,1,Y_UN13,2020,885
TOTAL,1,Y_UN13,2021,1197
TOTAL,1,Y_UN13,2022,1670
FRG,1,Y14-17,2007,10695
FRG,1,Y14-17,2008,10293
FRG,1,Y14-17,2009,8152
FRG,1,Y14-17,2010,8094
FRG,1,Y14-17,2011,9786
FRG,1,Y14-17,2012,9933
FRG,1,Y14-17,2013,10117
FRG,1,Y14-17,2014,11741
FRG,1,Y14-17,2015,12283
FRG,1,Y14-17,2016,9946
FRG,1,Y14-17,2017,10855
FRG,1,Y14-17,2018,11108
FRG,1,Y14-17,2019,10241
FRG,1,Y14-17,2020,9651
FRG,1,Y14-17,2021,11596
FRG,1,Y14-17,2022,13286
ITL,1,Y14-17,2007,14712
ITL,1,Y14-17,2008,15186
ITL,1,Y14-17,2009,16385
ITL,1,Y14-17,2010,15530
ITL,1,Y14-17,2011,15855
ITL,1,Y14-17,2012,15383
ITL,1,Y14-17,2013,14625
ITL,1,Y14-17,2014,14476
ITL,1,Y14-17,2015,14606
ITL,1,Y14-17,2016,16507
ITL,1,Y14-17,2017,14957
ITL,1,Y14-17,2018,13374
ITL,1,Y14-17,2019,13722
ITL,1,Y14-17,2020,12249
ITL,1,Y14-17,2021,13502
ITL,1,Y14-17,2022,14850
TOTAL,1,Y14-17,2007,25286
TOTAL,1,Y14-17,2008,25375
TOTAL,1,Y14-17,2009,24453
TOTAL,1,Y14-17,2010,23578
TOTAL,1,Y14-17,2011,25586
TOTAL,1,Y14-17,2012,25316
TOTAL,1,Y14-17,2013,24742
TOTAL,1,Y14-17,2014,26217
TOTAL,1,Y14-17,2015,26889
TOTAL,1,Y14-17,2016,26453
TOTAL,1,Y14-17,2017,25812
TOTAL,1,Y14-17,2018,24482
TOTAL,1,Y14-17,2019,23963
TOTAL,1,Y14-17,2020,21900
TOTAL,1,Y14-17,2021,25098
TOTAL,1,Y14-17,2022,28136
FRG,1,Y18-24,2007,63421
FRG,1,Y18-24,2008,63159
FRG,1,Y18-24,2009,57295
FRG,1,Y18-24,2010,55086
FRG,1,Y18-24,2011,56726
FRG,1,Y18-24,2012,56542
FRG,1,Y18-24,2013,57978
FRG,1,Y18-24,2014,57494
FRG,1,Y18-24,2015,56581
FRG,1,Y18-24,2016,51973
FRG,1,Y18-24,2017,53382
FRG,1,Y18-24,2018,55250
FRG,1,Y18-24,2019,50536
FRG,1,Y18-24,2020,44715
FRG,1,Y18-24,2021,46451
FRG,1,Y18-24,2022,48095
ITL,1,Y18-24,2007,62277
ITL,1,Y18-24,2008,63463
ITL,1,Y18-24,2009,62946
ITL,1,Y18-24,2010,64005
ITL,1,Y18-24,2011,66206
ITL,1,Y18-24,2012,67187
ITL,1,Y18-24,2013,69451
ITL,1,Y18-24,2014,66647
ITL,1,Y18-24,2015,62306
ITL,1,Y18-24,2016,65011
ITL,1,Y18-24,2017,62725
ITL,1,Y18-24,2018,58023
ITL,1,Y18-24,2019,57180
ITL,1,Y18-24,2020,56433
ITL,1,Y18-24,2021,57217
ITL,1,Y18-24,2022,57801
TOTAL,1,Y18-24,2007,125575
TOTAL,1,Y18-24,2008,126449
TOTAL,1,Y18-24,2009,120171
TOTAL,1,Y18-24,2010,119030
TOTAL,1,Y18-24,2011,122847
TOTAL,1,Y18-24,2012,123729
TOTAL,1,Y18-24,2013,127429
TOTAL,1,Y18-24,2014,124141
TOTAL,1,Y18-24,2015,118887
TOTAL,1,Y18-24,2016,116984
TOTAL,1,Y18-24,2017,116107
TOTAL,1,Y18-24,2018,113273
TOTAL,1,Y18-24,2019,107716
TOTAL,1,Y18-24,2020,101148
TOTAL,1,Y18-24,2021,103668
TOTAL,1,Y18-24,2022,105896
FRG,1,Y25-34,2007,96812
FRG,1,Y25-34,2008,99971
FRG,1,Y25-34,2009,91911
FRG,1,Y25-34,2010,89930
FRG,1,Y25-34,2011,91343
FRG,1,Y25-34,2012,91847
FRG,1,Y25-34,2013,94718
FRG,1,Y25-34,2014,94181
FRG,1,Y25-34,2015,91481
FRG,1,Y25-34,2016,83074
FRG,1,Y25-34,2017,80207
FRG,1,Y25-34,2018,80327
FRG,1,Y25-34,2019,76305
FRG,1,Y25-34,2020,70943
FRG,1,Y25-34,2021,73700
FRG,1,Y25-34,2022,77037
ITL,1,Y25-34,2007,112063
ITL,1,Y25-34,2008,114061
ITL,1,Y25-34,2009,108943
ITL,1,Y25-34,2010,106241
ITL,1,Y25-34,2011,105462
ITL,1,Y25-34,2012,106320
ITL,1,Y25-34,2013,109954
ITL,1,Y25-34,2014,105711
ITL,1,Y25-34,2015,103346
ITL,1,Y25-34,2016,104563
ITL,1,Y25-34,2017,103472
ITL,1,Y25-34,2018,96136
ITL,1,Y25-34,2019,94550
ITL,1,Y25-34,2020,90739
ITL,1,Y25-34,2021,91393
ITL,1,Y25-34,2022,86897
TOTAL,1,Y25-34,2007,208742
TOTAL,1,Y25-34,2008,213909
TOTAL,1,Y25-34,2009,200743
TOTAL,1,Y25-34,2010,196103
TOTAL,1,Y25-34,2011,196750
TOTAL,1,Y25-34,2012,198167
TOTAL,1,Y25-34,2013,204672
TOTAL,1,Y25-34,2014,199892
TOTAL,1,Y25-34,2015,194827
TOTAL,1,Y25-34,2016,187637
TOTAL,1,Y25-34,2017,183679
TOTAL,1,Y25-34,2018,176463
TOTAL,1,Y25-34,2019,170855
TOTAL,1,Y25-34,2020,161682
TOTAL,1,Y25-34,2021,165093
TOTAL,1,Y25-34,2022,163934
FRG,1,Y35-44,2007,49800
FRG,1,Y35-44,2008,51406
FRG,1,Y35-44,2009,47786
FRG,1,Y35-44,2010,49121
FRG,1,Y35-44,2011,50028
FRG,1,Y35-44,2012,51521
FRG,1,Y35-44,2013,54582
FRG,1,Y35-44,2014,55189
FRG,1,Y35-44,2015,56019
FRG,1,Y35-44,2016,48750
FRG,1,Y35-44,2017,47106
FRG,1,Y35-44,2018,49524
FRG,1,Y35-44,2019,48912
FRG,1,Y35-44,2020,45793
FRG,1,Y35-44,2021,49010
FRG,1,Y35-44,2022,50679
ITL,1,Y35-44,2007,120876
ITL,1,Y35-44,2008,127562
ITL,1,Y35-44,2009,125545
ITL,1,Y35-44,2010,125351
ITL,1,Y35-44,2011,130393
ITL,1,Y35-44,2012,135075
ITL,1,Y35-44,2013,139111
ITL,1,Y35-44,2014,138608
ITL,1,Y35-44,2015,132340
ITL,1,Y35-44,2016,127127
ITL,1,Y35-44,2017,124600
ITL,1,Y35-44,2018,116806
ITL,1,Y35-44,2019,115009
ITL,1,Y35-44,2020,106091
ITL,1,Y35-44,2021,104948
ITL,1,Y35-44,2022,99331
TOTAL,1,Y35-44,2007,170556
TOTAL,1,Y35-44,2008,178854
TOTAL,1,Y35-44,2009,173270
TOTAL,1,Y35-44,2010,174433
TOTAL,1,Y35-44,2011,180376
TOTAL,1,Y35-44,2012,186596
TOTAL,1,Y35-44,2013,193693
TOTAL,1,Y35-44,2014,193797
TOTAL,1,Y35-44,2015,188359
TOTAL,1,Y35-44,2016,175877
TOTAL,1,Y35-44,2017,171706
TOTAL,1,Y35-44,2018,166330
TOTAL,1,Y35-44,2019,163921
TOTAL,1,Y35-44,2020,151884
TOTAL,1,Y35-44,2021,153958
TOTAL,1,Y35-44,2022,150010
FRG,1,Y45-54,2007,17810
FRG,1,Y45-54,2008,19036
FRG,1,Y45-54,2009,17597
FRG,1,Y45-54,2010,18686
FRG,1,Y45-54,2011,19008
FRG,1,Y45-54,2012,19854
FRG,1,Y45-54,2013,22038
FRG,1,Y45-54,2014,22718
FRG,1,Y45-54,2015,24618
FRG,1,Y45-54,2016,20201
FRG,1,Y45-54,2017,20552
FRG,1,Y45-54,2018,22867
FRG,1,Y45-54,2019,22262
FRG,1,Y45-54,2020,20342
FRG,1,Y45-54,2021,23669
FRG,1,Y45-54,2022,23359
ITL,1,Y45-54,2007,79295
ITL,1,Y45-54,2008,87409
ITL,1,Y45-54,2009,89182
ITL,1,Y45-54,2010,92226
ITL,1,Y45-54,2011,99431
ITL,1,Y45-54,2012,104818
ITL,1,Y45-54,2013,112123
ITL,1,Y45-54,2014,115880
ITL,1,Y45-54,2015,115179
ITL,1,Y45-54,2016,110608
ITL,1,Y45-54,2017,110613
ITL,1,Y45-54,2018,107486
ITL,1,Y45-54,2019,107325
ITL,1,Y45-54,2020,101765
ITL,1,Y45-54,2021,102968
ITL,1,Y45-54,2022,97017
TOTAL,1,Y45-54,2007,97037
TOTAL,1,Y45-54,2008,106373
TOTAL,1,Y45-54,2009,106745
TOTAL,1,Y45-54,2010,110888
TOTAL,1,Y45-54,2011,118399
TOTAL,1,Y45-54,2012,124672
TOTAL,1,Y45-54,2013,134161
TOTAL,1,Y45-54,2014,138598
TOTAL,1,Y45-54,2015,139797
TOTAL,1,Y45-54,2016,130809
TOTAL,1,Y45-54,2017,131165
TOTAL,1,Y45-54,2018,130353
TOTAL,1,Y45-54,2019,129587
TOTAL,1,Y45-54,2020,122107
TOTAL,1,Y45-54,2021,126637
TOTAL,1,Y45-54,2022,120376
FRG,1,Y55-64,2007,5226
FRG,1,Y55-64,2008,5150
FRG,1,Y55-64,2009,4635
FRG,1,Y55-64,2010,4882
FRG,1,Y55-64,2011,4946
FRG,1,Y55-64,2012,5617
FRG,1,Y55-64,2013,5835
FRG,1,Y55-64,2014,6519
FRG,1,Y55-64,2015,7311
FRG,1,Y55-64,2016,5190
FRG,1,Y55-64,2017,6110
FRG,1,Y55-64,2018,7372
FRG,1,Y55-64,2019,7620
FRG,1,Y55-64,2020,6926
FRG,1,Y55-64,2021,8493
FRG,1,Y55-64,2022,8025
ITL,1,Y55-64,2007,44717
ITL,1,Y55-64,2008,47922
ITL,1,Y55-64,2009,49834
ITL,1,Y55-64,2010,51196
ITL,1,Y55-64,2011,54355
ITL,1,Y55-64,2012,57024
ITL,1,Y55-64,2013,59996
ITL,1,Y55-64,2014,62707
ITL,1,Y55-64,2015,62090
ITL,1,Y55-64,2016,59258
ITL,1,Y55-64,2017,59105
ITL,1,Y55-64,2018,57176
ITL,1,Y55-64,2019,59429
ITL,1,Y55-64,2020,57748
ITL,1,Y55-64,2021,58434
ITL,1,Y55-64,2022,55823
TOTAL,1,Y55-64,2007,49906
TOTAL,1,Y55-64,2008,53019
TOTAL,1,Y55-64,2009,54456
TOTAL,1,Y55-64,2010,56067
TOTAL,1,Y55-64,2011,59287
TOTAL,1,Y55-64,2012,62641
TOTAL,1,Y55-64,2013,65831
TOTAL,1,Y55-64,2014,69226
TOTAL,1,Y55-64,2015,69401
TOTAL,1,Y55-64,2016,64448
TOTAL,1,Y55-64,2017,65215
TOTAL,1,Y55-64,2018,64548
TOTAL,1,Y55-64,2019,67049
TOTAL,1,Y55-64,2020,64674
TOTAL,1,Y55-64,2021,66927
TOTAL,1,Y55-64,2022,63848
FRG,2,Y_GE65,2007,1419
FRG,2,Y_GE65,2008,1184
FRG,2,Y_GE65,2009,889
FRG,2,Y_GE65,2010,1025
FRG,2,Y_GE65,2011,1005
FRG,2,Y_GE65,2012,1403
FRG,2,Y_GE65,2013,1244
FRG,2,Y_GE65,2014,1143
FRG,2,Y_GE65,2015,1370
FRG,2,Y_GE65,2016,766
FRG,2,Y_GE65,2017,1016
FRG,2,Y_GE65,2018,1487
FRG,2,Y_GE65,2019,1429
FRG,2,Y_GE65,2020,1402
FRG,2,Y_GE65,2021,1890
FRG,2,Y_GE65,2022,1847
ITL,2,Y_GE65,2007,6218
ITL,2,Y_GE65,2008,6759
ITL,2,Y_GE65,2009,7834
ITL,2,Y_GE65,2010,7706
ITL,2,Y_GE65,2011,8106
ITL,2,Y_GE65,2012,9286
ITL,2,Y_GE65,2013,9450
ITL,2,Y_GE65,2014,9646
ITL,2,Y_GE65,2015,9381
ITL,2,Y_GE65,2016,8220
ITL,2,Y_GE65,2017,7289
ITL,2,Y_GE65,2018,7402
ITL,2,Y_GE65,2019,7732
ITL,2,Y_GE65,2020,7510
ITL,2,Y_GE65,2021,7607
ITL,2,Y_GE65,2022,7681
TOTAL,2,Y_GE65,2007,7625
TOTAL,2,Y_GE65,2008,7930
TOTAL,2,Y_GE65,2009,8716
TOTAL,2,Y_GE65,2010,8722
TOTAL,2,Y_GE65,2011,9110
TOTAL,2,Y_GE65,2012,10689
TOTAL,2,Y_GE65,2013,10694
TOTAL,2,Y_GE65,2014,10789
TOTAL,2,Y_GE65,2015,10751
TOTAL,2,Y_GE65,2016,8986
TOTAL,2,Y_GE65,2017,8305
TOTAL,2,Y_GE65,2018,8889
TOTAL,2,Y_GE65,2019,9161
TOTAL,2,Y_GE65,2020,8912
TOTAL,2,Y_GE65,2021,9497
TOTAL,2,Y_GE65,2022,9528
FRG,2,Y_UN13,2007,536
FRG,2,Y_UN13,2008,395
FRG,2,Y_UN13,2009,243
FRG,2,Y_UN13,2010,176
FRG,2,Y_UN13,2011,229
FRG,2,Y_UN13,2012,287
FRG,2,Y_UN13,2013,453
FRG,2,Y_UN13,2014,400
FRG,2,Y_UN13,2015,646
FRG,2,Y_UN13,2016,384
FRG,2,Y_UN13,2017,404
FRG,2,Y_UN13,2018,248
FRG,2,Y_UN13,2019,190
FRG,2,Y_UN13,2020,161
FRG,2,Y_UN13,2021,174
FRG,2,Y_UN13,2022,249
ITL,2,Y_UN13,2007,228
ITL,2,Y_UN13,2008,216
ITL,2,Y_UN13,2009,165
ITL,2,Y_UN13,2010,171
ITL,2,Y_UN13,2011,215
ITL,2,Y_UN13,2012,173
ITL,2,Y_UN13,2013,192
ITL,2,Y_UN13,2014,163
ITL,2,Y_UN13,2015,242
ITL,2,Y_UN13,2016,316
ITL,2,Y_UN13,2017,232
ITL,2,Y_UN13,2018,167
ITL,2,Y_UN13,2019,152
ITL,2,Y_UN13,2020,137
ITL,2,Y_UN13,2021,140
ITL,2,Y_UN13,2022,182
TOTAL,2,Y_UN13,2007,763
TOTAL,2,Y_UN13,2008,607
TOTAL,2,Y_UN13,2009,408
TOTAL,2,Y_UN13,2010,347
TOTAL,2,Y_UN13,2011,442
TOTAL,2,Y_UN13,2012,460
TOTAL,2,Y_UN13,2013,645
TOTAL,2,Y_UN13,2014,563
TOTAL,2,Y_UN13,2015,888
TOTAL,2,Y_UN13,2016,700
TOTAL,2,Y_UN13,2017,636
TOTAL,2,Y_UN13,2018,415
TOTAL,2,Y_UN13,2019,342
TOTAL,2,Y_UN13,2020,298
TOTAL,2,Y_UN13,2021,314
TOTAL,2,Y_UN13,2022,431
FRG,2,Y14-17,2007,2621
FRG,2,Y14-17,2008,2126
FRG,2,Y14-17,2009,1785
FRG,2,Y14-17,2010,1889
FRG,2,Y14-17,2011,2096
FRG,2,Y14-17,2012,2355
FRG,2,Y14-17,2013,2652
FRG,2,Y14-17,2014,2648
FRG,2,Y14-17,2015,2992
FRG,2,Y14-17,2016,1696
FRG,2,Y14-17,2017,2139
FRG,2,Y14-17,2018,2308
FRG,2,Y14-17,2019,1843
FRG,2,Y14-17,2020,1577
FRG,2,Y14-17,2021,1869
FRG,2,Y14-17,2022,1989
ITL,2,Y14-17,2007,1951
ITL,2,Y14-17,2008,2326
ITL,2,Y14-17,2009,2355
ITL,2,Y14-17,2010,2784
ITL,2,Y14-17,2011,2879
ITL,2,Y14-17,2012,3069
ITL,2,Y14-17,2013,3024
ITL,2,Y14-17,2014,2945
ITL,2,Y14-17,2015,2885
ITL,2,Y14-17,2016,3125
ITL,2,Y14-17,2017,2748
ITL,2,Y14-17,2018,2268
ITL,2,Y14-17,2019,2160
ITL,2,Y14-17,2020,1665
ITL,2,Y14-17,2021,1994
ITL,2,Y14-17,2022,2428
TOTAL,2,Y14-17,2007,4567
TOTAL,2,Y14-17,2008,4442
TOTAL,2,Y14-17,2009,4137
TOTAL,2,Y14-17,2010,4661
TOTAL,2,Y14-17,2011,4967
TOTAL,2,Y14-17,2012,5424
TOTAL,2,Y14-17,2013,5676
TOTAL,2,Y14-17,2014,5593
TOTAL,2,Y14-17,2015,5877
TOTAL,2,Y14-17,2016,4821
TOTAL,2,Y14-17,2017,4887
TOTAL,2,Y14-17,2018,4576
TOTAL,2,Y14-17,2019,4003
TOTAL,2,Y14-17,2020,3242
TOTAL,2,Y14-17,2021,3863
TOTAL,2,Y14-17,2022,4417
FRG,2,Y18-24,2007,11774
FRG,2,Y18-24,2008,10803
FRG,2,Y18-24,2009,9713
FRG,2,Y18-24,2010,9826
FRG,2,Y18-24,2011,10344
FRG,2,Y18-24,2012,11156
FRG,2,Y18-24,2013,12454
FRG,2,Y18-24,2014,12169
FRG,2,Y18-24,2015,11063
FRG,2,Y18-24,2016,7577
FRG,2,Y18-24,2017,8243
FRG,2,Y18-24,2018,9056
FRG,2,Y18-24,2019,8264
FRG,2,Y18-24,2020,6333
FRG,2,Y18-24,2021,7617
FRG,2,Y18-24,2022,7240
ITL,2,Y18-24,2007,10728
ITL,2,Y18-24,2008,11426
ITL,2,Y18-24,2009,11452
ITL,2,Y18-24,2010,11399
ITL,2,Y18-24,2011,12053
ITL,2,Y18-24,2012,13259
ITL,2,Y18-24,2013,14595
ITL,2,Y18-24,2014,14025
ITL,2,Y18-24,2015,13194
ITL,2,Y18-24,2016,12686
ITL,2,Y18-24,2017,11719
ITL,2,Y18-24,2018,11186
ITL,2,Y18-24,2019,10876
ITL,2,Y18-24,2020,10517
ITL,2,Y18-24,2021,10932
ITL,2,Y18-24,2022,11063
TOTAL,2,Y18-24,2007,22490
TOTAL,2,Y18-24,2008,22207
TOTAL,2,Y18-24,2009,21154
TOTAL,2,Y18-24,2010,21216
TOTAL,2,Y18-24,2011,22387
TOTAL,2,Y18-24,2012,24415
TOTAL,2,Y18-24,2013,27049
TOTAL,2,Y18-24,2014,26194
TOTAL,2,Y18-24,2015,24257
TOTAL,2,Y18-24,2016,20263
TOTAL,2,Y18-24,2017,19962
TOTAL,2,Y18-24,2018,20242
TOTAL,2,Y18-24,2019,19140
TOTAL,2,Y18-24,2020,16850
TOTAL,2,Y18-24,2021,18549
TOTAL,2,Y18-24,2022,18303
FRG,2,Y25-34,2007,17249
FRG,2,Y25-34,2008,16156
FRG,2,Y25-34,2009,14354
FRG,2,Y25-34,2010,14662
FRG,2,Y25-34,2011,15402
FRG,2,Y25-34,2012,16573
FRG,2,Y25-34,2013,18116
FRG,2,Y25-34,2014,18349
FRG,2,Y25-34,2015,17384
FRG,2,Y25-34,2016,12812
FRG,2,Y25-34,2017,12855
FRG,2,Y25-34,2018,14140
FRG,2,Y25-34,2019,13183
FRG,2,Y25-34,2020,10861
FRG,2,Y25-34,2021,12911
FRG,2,Y25-34,2022,12208
ITL,2,Y25-34,2007,23179
ITL,2,Y25-34,2008,24275
ITL,2,Y25-34,2009,23617
ITL,2,Y25-34,2010,23634
ITL,2,Y25-34,2011,23278
ITL,2,Y25-34,2012,24555
ITL,2,Y25-34,2013,26030
ITL,2,Y25-34,2014,25915
ITL,2,Y25-34,2015,24701
ITL,2,Y25-34,2016,22651
ITL,2,Y25-34,2017,21240
ITL,2,Y25-34,2018,22233
ITL,2,Y25-34,2019,21449
ITL,2,Y25-34,2020,20082
ITL,2,Y25-34,2021,20222
ITL,2,Y25-34,2022,19798
TOTAL,2,Y25-34,2007,40399
TOTAL,2,Y25-34,2008,40405
TOTAL,2,Y25-34,2009,37964
TOTAL,2,Y25-34,2010,38280
TOTAL,2,Y25-34,2011,38673
TOTAL,2,Y25-34,2012,41128
TOTAL,2,Y25-34,2013,44146
TOTAL,2,Y25-34,2014,44264
TOTAL,2,Y25-34,2015,42085
TOTAL,2,Y25-34,2016,35463
TOTAL,2,Y25-34,2017,34095
TOTAL,2,Y25-34,2018,36373
TOTAL,2,Y25-34,2019,34632
TOTAL,2,Y25-34,2020,30943
TOTAL,2,Y25-34,2021,33133
TOTAL,2,Y25-34,2022,32006
FRG,2,Y35-44,2007,11614
FRG,2,Y35-44,2008,10965
FRG,2,Y35-44,2009,10595
FRG,2,Y35-44,2010,11378
FRG,2,Y35-44,2011,11852
FRG,2,Y35-44,2012,12537
FRG,2,Y35-44,2013,14274
FRG,2,Y35-44,2014,14070
FRG,2,Y35-44,2015,13650
FRG,2,Y35-44,2016,9782
FRG,2,Y35-44,2017,10195
FRG,2,Y35-44,2018,11785
FRG,2,Y35-44,2019,11159
FRG,2,Y35-44,2020,9897
FRG,2,Y35-44,2021,11645
FRG,2,Y35-44,2022,11524
ITL,2,Y35-44,2007,27249
ITL,2,Y35-44,2008,29255
ITL,2,Y35-44,2009,29876
ITL,2,Y35-44,2010,30344
ITL,2,Y35-44,2011,32692
ITL,2,Y35-44,2012,33683
ITL,2,Y35-44,2013,35446
ITL,2,Y35-44,2014,35350
ITL,2,Y35-44,2015,33433
ITL,2,Y35-44,2016,29158
ITL,2,Y35-44,2017,27518
ITL,2,Y35-44,2018,28087
ITL,2,Y35-44,2019,27756
ITL,2,Y35-44,2020,25965
ITL,2,Y35-44,2021,24685
ITL,2,Y35-44,2022,24797
TOTAL,2,Y35-44,2007,38843
TOTAL,2,Y35-44,2008,40202
TOTAL,2,Y35-44,2009,40451
TOTAL,2,Y35-44,2010,41707
TOTAL,2,Y35-44,2011,44536
TOTAL,2,Y35-44,2012,46220
TOTAL,2,Y35-44,2013,49720
TOTAL,2,Y35-44,2014,49420
TOTAL,2,Y35-44,2015,47083
TOTAL,2,Y35-44,2016,38940
TOTAL,2,Y35-44,2017,37713
TOTAL,2,Y35-44,2018,39872
TOTAL,2,Y35-44,2019,38915
TOTAL,2,Y35-44,2020,35862
TOTAL,2,Y35-44,2021,36330
TOTAL,2,Y35-44,2022,36321
FRG,2,Y45-54,2007,5589
FRG,2,Y45-54,2008,5369
FRG,2,Y45-54,2009,5184
FRG,2,Y45-54,2010,5298
FRG,2,Y45-54,2011,5797
FRG,2,Y45-54,2012,6519
FRG,2,Y45-54,2013,7466
FRG,2,Y45-54,2014,7201
FRG,2,Y45-54,2015,7744
FRG,2,Y45-54,2016,5112
FRG,2,Y45-54,2017,6103
FRG,2,Y45-54,2018,7159
FRG,2,Y45-54,2019,7005
FRG,2,Y45-54,2020,6472
FRG,2,Y45-54,2021,8251
FRG,2,Y45-54,2022,7611
ITL,2,Y45-54,2007,17693
ITL,2,Y45-54,2008,19736
ITL,2,Y45-54,2009,21502
ITL,2,Y45-54,2010,22557
ITL,2,Y45-54,2011,24063
ITL,2,Y45-54,2012,26712
ITL,2,Y45-54,2013,28028
ITL,2,Y45-54,2014,30027
ITL,2,Y45-54,2015,29023
ITL,2,Y45-54,2016,25607
ITL,2,Y45-54,2017,24589
ITL,2,Y45-54,2018,25440
ITL,2,Y45-54,2019,25335
ITL,2,Y45-54,2020,24241
ITL,2,Y45-54,2021,24449
ITL,2,Y45-54,2022,24223
TOTAL,2,Y45-54,2007,23269
TOTAL,2,Y45-54,2008,25084
TOTAL,2,Y45-54,2009,26675
TOTAL,2,Y45-54,2010,27846
TOTAL,2,Y45-54,2011,29854
TOTAL,2,Y45-54,2012,33231
TOTAL,2,Y45-54,2013,35494
TOTAL,2,Y45-54,2014,37228
TOTAL,2,Y45-54,2015,36767
TOTAL,2,Y45-54,2016,30719
TOTAL,2,Y45-54,2017,30692
TOTAL,2,Y45-54,2018,32599
TOTAL,2,Y45-54,2019,32340
TOTAL,2,Y45-54,2020,30713
TOTAL,2,Y45-54,2021,32700
TOTAL,2,Y45-54,2022,31834
FRG,2,Y55-64,2007,2389
FRG,2,Y55-64,2008,2022
FRG,2,Y55-64,2009,1799
FRG,2,Y55-64,2010,1874
FRG,2,Y55-64,2011,1943
FRG,2,Y55-64,2012,2120
FRG,2,Y55-64,2013,2490
FRG,2,Y55-64,2014,2479
FRG,2,Y55-64,2015,2780
FRG,2,Y55-64,2016,1731
FRG,2,Y55-64,2017,2356
FRG,2,Y55-64,2018,3003
FRG,2,Y55-64,2019,2861
FRG,2,Y55-64,2020,2886
FRG,2,Y55-64,2021,3692
FRG,2,Y55-64,2022,3513
ITL,2,Y55-64,2007,9763
ITL,2,Y55-64,2008,10741
ITL,2,Y55-64,2009,12036
ITL,2,Y55-64,2010,12394
ITL,2,Y55-64,2011,12818
ITL,2,Y55-64,2012,13449
ITL,2,Y55-64,2013,14622
ITL,2,Y55-64,2014,14911
ITL,2,Y55-64,2015,14758
ITL,2,Y55-64,2016,13131
ITL,2,Y55-64,2017,12346
ITL,2,Y55-64,2018,12941
ITL,2,Y55-64,2019,13272
ITL,2,Y55-64,2020,13380
ITL,2,Y55-64,2021,13782
ITL,2,Y55-64,2022,13871
TOTAL,2,Y55-64,2007,12141
TOTAL,2,Y55-64,2008,12759
TOTAL,2,Y55-64,2009,13828
TOTAL,2,Y55-64,2010,14265
TOTAL,2,Y55-64,2011,14757
TOTAL,2,Y55-64,2012,15569
TOTAL,2,Y55-64,2013,17112
TOTAL,2,Y55-64,2014,17390
TOTAL,2,Y55-64,2015,17538
TOTAL,2,Y55-64,2016,14862
TOTAL,2,Y55-64,2017,14702
TOTAL,2,Y55-64,2018,15944
TOTAL,2,Y55-64,2019,16133
TOTAL,2,Y55-64,2020,16266
TOTAL,2,Y55-64,2021,17474
TOTAL,2,Y55-64,2022,17384
